Player,Pos,Age,Tm,G,GS,MP,FG,FGA,FG%,3P,3PA,3P%,2P,2PA,2P%,eFG%,FT,FTA,FT%,ORB,DRB,TRB,AST,STL,BLK,TOV,PF,PTS,FANS,PLAYERS,MEDIA,SCORE
Precious Achiuwa,PF,21,MIA,28,2,14.6,2.6,4.4,0.59,0,0,0,2.6,4.4,0.59,0.59,1.3,2.4,0.561,1.3,2.7,4,0.6,0.4,0.5,1,1.9,6.5,17325,3,0,64
Steven Adams,C,27,NOP,27,27,28.1,3.5,5.8,0.603,0,0,0,3.5,5.7,0.606,0.603,1.1,2.3,0.468,4.3,4.6,8.9,2.1,1,0.6,1.7,1.9,8,75952,20,0,49.8
Bam Adebayo,C,23,MIA,26,26,33.6,7.4,12.9,0.573,0.1,0.2,0.4,7.3,12.7,0.576,0.576,5.1,6,0.841,1.9,7.3,9.2,5.3,1,1,3,2.6,19.9,753846,70,0,36.8
LaMarcus Aldridge,C,35,SAS,18,18,26.7,5.9,12.5,0.476,1.3,3.7,0.358,4.6,8.8,0.525,0.529,0.9,1.2,0.762,0.8,3.5,4.3,1.9,0.4,0.9,0.9,1.5,14.1,68593,16,0,50.8
Nickeil Alexander-Walker,SG,22,NOP,23,3,19.2,3.3,8.2,0.41,1,3.8,0.276,2.3,4.4,0.525,0.473,1.1,1.4,0.781,0.2,2.4,2.7,2,1.1,0.3,1.3,1.7,8.8,8230,3,0,57.2
Grayson Allen,SG,25,MEM,19,8,23.9,3.2,7.4,0.429,2.3,5.3,0.436,0.8,2.1,0.41,0.586,1.7,1.9,0.892,0.4,2.5,2.9,2.1,1,0.2,1.1,1.3,10.4,4512,2,0,62.8
Jarrett Allen,C,22,TOT,28,10,26.2,4.4,6.8,0.642,0,0.1,0.25,4.3,6.6,0.651,0.645,3.6,4.7,0.758,2.9,6.1,9,1.6,0.5,1.6,1.5,1.6,12.3,93246,4,0,50
Kyle Anderson,PF,27,MEM,24,24,28.1,5,10.7,0.467,1.7,4.3,0.388,3.3,6.4,0.519,0.545,2.1,2.7,0.781,0.9,5.3,6.3,3.8,1.1,0.8,1.4,1.8,13.8,4471,2,0,63.2
Giannis Antetokounmpo,PF,26,MIL,27,27,33.6,10.3,18.4,0.563,1.1,4,0.29,9.2,14.4,0.638,0.594,6.4,9.9,0.642,1.7,9.7,11.4,5.8,1.3,1.3,3.7,3.1,28.2,4459276,180,100,1.8
Carmelo Anthony,PF,36,POR,27,3,25.3,4.6,11.7,0.396,1.7,4.5,0.377,2.9,7.2,0.407,0.468,2.4,2.8,0.842,0.6,2.9,3.5,1.3,0.8,0.8,0.9,2.1,13.3,497474,31,0,42.2
Cole Anthony,PG,20,ORL,25,17,26.7,4,10.8,0.375,1.1,3.3,0.325,3,7.4,0.398,0.426,1.8,2.2,0.836,0.8,3.6,4.4,3.8,0.7,0.4,2,2,11,11864,4,0,57.5
OG Anunoby,SF,23,TOR,18,18,34.4,5.1,10.3,0.489,2.4,5.7,0.431,2.6,4.7,0.56,0.608,2,2.7,0.75,1.6,4.3,5.9,1.6,2,0.6,1.7,2.9,14.6,140800,17,0,45
D.J. Augustin,PG,33,MIL,27,0,17.8,1.7,5.1,0.336,1.2,3.3,0.364,0.5,1.8,0.286,0.453,1.3,1.4,0.895,0.4,0.8,1.2,3,0.5,0,0.8,0.7,5.9,2521,2,0,73.2
Deni Avdija,SF,20,WAS,22,16,22.9,2.5,6,0.424,1.2,3.5,0.355,1.3,2.5,0.518,0.527,0.5,0.9,0.579,0.5,4.4,4.9,1.6,0.8,0.2,0.8,2.8,6.8,86051,2,0,54.8
Deandre Ayton,C,22,PHO,27,27,32.1,6.1,10.3,0.59,0.1,0.6,0.25,5.9,9.7,0.611,0.597,1.6,2.3,0.721,3.7,8.6,12.2,1.8,0.3,1,2.1,3.4,13.9,110069,19,0,48
Dwayne Bacon,SG,25,ORL,29,20,24.9,4.1,9.6,0.423,1.1,2.9,0.373,3,6.8,0.444,0.478,1.5,1.9,0.8,0.4,2.7,3.1,1,0.8,0.1,0.7,1.7,10.7,1911,3,0,76
Marvin Bagley III,PF,21,SAC,25,25,24.9,5.1,10.8,0.476,1,2.8,0.371,4.1,8,0.513,0.524,1.5,2.9,0.514,2.1,5.3,7.4,0.9,0.5,0.5,1.5,2.5,12.8,14930,3,0,69.2
LaMelo Ball,PG,19,CHO,28,8,27.7,5.4,12.4,0.437,1.8,5.1,0.354,3.6,7.3,0.495,0.51,2,2.5,0.797,1.5,4.6,6.2,6.1,1.5,0.4,2.7,2.6,14.6,299068,14,0,44.5
Lonzo Ball,PG,23,NOP,25,25,30.9,5.2,12.2,0.424,2.9,7.6,0.381,2.3,4.6,0.496,0.543,0.8,1.1,0.741,0.6,3.7,4.3,4.7,1.2,0.5,2,2.5,14,57363,14,0,44.2
Desmond Bane,SG,22,MEM,20,2,22.8,3.8,7.8,0.484,2.1,4.3,0.482,1.7,3.5,0.486,0.616,0.7,0.9,0.824,0.5,2.2,2.7,1.6,0.7,0.2,1.2,1.9,10.3,1605,3,0,72.8
Harrison Barnes,PF,28,SAC,27,27,35.1,5.3,11,0.48,1.7,4.3,0.388,3.6,6.7,0.539,0.556,3.6,4.3,0.843,1.1,5.1,6.2,3.4,0.8,0.2,1.4,1.1,15.8,41105,3,0,61.8
RJ Barrett,SG,20,NYK,30,30,33.7,6.2,14.6,0.428,1,3.4,0.304,5.2,11.2,0.466,0.463,3,4,0.742,1.3,4.9,6.2,3.1,0.7,0.2,1.9,2.5,16.5,102535,17,0,47
Will Barton,SF,30,DEN,25,21,29.8,4.4,10,0.436,1.6,4,0.404,2.8,6,0.457,0.516,1.3,1.8,0.75,0.5,3.2,3.7,3.2,0.8,0.4,1.5,1.8,11.6,4466,0,0,101.5
Nicolas Batum,SF,32,LAC,27,27,29.9,3.3,6.8,0.492,2.1,4.6,0.456,1.2,2.1,0.569,0.648,1,1.1,0.867,0.9,4,4.9,2.3,1.4,0.4,0.7,1.7,9.7,16224,7,0,63.5
Aron Baynes,C,34,TOR,25,24,18.8,2.4,5.8,0.411,0.5,2.2,0.222,1.9,3.7,0.522,0.452,0.3,0.4,0.778,1.5,3.9,5.4,1,0.3,0.3,0.8,2.5,5.6,13959,0,0,111.5
Kent Bazemore,SF,31,GSW,27,0,16.6,2.5,4.9,0.515,1,2.3,0.459,1.5,2.6,0.563,0.621,0.9,1.1,0.8,0.5,2.6,3.1,1.6,0.8,0.6,1,2.2,7,8643,0,0,95.5
Darius Bazley,PF,20,OKC,28,28,31.1,4.5,11.5,0.393,1.5,5.3,0.286,3,6.3,0.483,0.458,1.6,2.1,0.767,0.5,6.9,7.4,1.8,0.5,0.7,1.8,1,12.2,15058,5,0,65
Bradley Beal,SG,27,WAS,24,24,35.3,11.4,24,0.473,2.5,7.4,0.337,8.9,16.6,0.534,0.525,7.5,8.4,0.896,1.4,3.8,5.2,4.7,1.3,0.5,3.1,2.5,32.8,3485051,161,81,1
Malik Beasley,SG,24,MIN,29,28,32.8,7.7,17,0.455,3.4,8.7,0.398,4.3,8.3,0.515,0.557,2,2.4,0.843,0.9,4,4.9,2.5,0.9,0.2,1.7,1.7,20.9,19991,5,0,50.8
DeAndre' Bembry,SF,26,TOR,19,0,13.7,1.7,2.8,0.611,0.4,0.7,0.5,1.4,2.1,0.65,0.676,0.3,0.6,0.545,0.4,1.2,1.6,1.6,0.6,0.3,0.6,1.3,4.2,2989,0,0,127.5
Dāvis Bertāns,PF,28,WAS,23,3,25.8,3.3,8.8,0.381,3,7.8,0.378,0.4,1,0.409,0.55,1.9,2.3,0.827,0.4,2.7,3.1,1,0.7,0.3,0.6,2.5,11.5,15778,1,0,71.2
Patrick Beverley,PG,32,LAC,20,20,24.2,2.7,6.2,0.435,1.8,4,0.443,1,2.3,0.422,0.577,1.1,1.5,0.759,1,3.2,4.2,2.2,1,0.8,0.8,3.4,8.3,21992,6,0,49.2
Saddiq Bey,SF,21,DET,26,9,20.3,2.9,7,0.418,1.9,4.7,0.413,1,2.3,0.426,0.555,1.5,1.8,0.826,0.4,3.2,3.7,1,0.5,0,0.7,1.3,9.2,2881,3,0,83
Khem Birch,C,28,ORL,29,0,21.8,2.5,4.8,0.514,0.1,0.4,0.25,2.4,4.4,0.539,0.525,1.6,2.1,0.742,2.8,3.2,6,1.2,0.7,0.7,0.7,1.7,6.7,2496,1,0,92.2
Bismack Biyombo,C,28,CHO,26,16,22.5,2.7,4.6,0.58,0,0,0,2.7,4.5,0.585,0.58,0.8,1.8,0.447,2.2,3.6,5.8,1.3,0.2,1.2,0.9,2.3,6.1,3800,1,0,84.2
Nemanja Bjelica,PF,32,SAC,13,0,16.2,2.3,5.2,0.448,0.5,2,0.269,1.8,3.2,0.561,0.5,1.8,2.2,0.821,0.9,2.8,3.8,2.2,0,0.2,1.2,1.8,6.9,14481,1,0,76
Eric Bledsoe,SG,31,NOP,27,26,28.9,4.6,10.5,0.437,2.2,5.4,0.401,2.4,5.1,0.474,0.54,1.3,2,0.648,0.5,3.1,3.6,3.7,0.7,0.3,1.7,1.5,12.7,6724,6,0,56.8
Bogdan Bogdanović,SG,28,ATL,9,2,23.7,3.3,8.7,0.385,2.3,6.4,0.362,1,2.2,0.45,0.519,0.9,1,0.889,0.2,3.6,3.8,2.1,0.4,0.1,1.2,2,9.9,27282,2,0,54.8
Bojan Bogdanović,SF,31,UTA,29,29,30.7,5,12.1,0.416,2.6,6.6,0.387,2.5,5.5,0.45,0.521,2.6,3,0.864,0.5,3.5,4,2.1,0.4,0,1.5,1.5,15.2,123008,9,0,49.2
Jordan Bone,PG,23,ORL,14,0,14,1.6,3.9,0.426,0.7,2.3,0.313,0.9,1.6,0.591,0.519,0,0,0,0.3,1.4,1.7,1.3,0.1,0,0.2,0.8,4,522,1,0,99.2
Isaac Bonga,SF,21,WAS,17,7,13.5,0.8,2.1,0.389,0.5,1.3,0.409,0.3,0.8,0.357,0.514,0.1,0.2,0.667,0.5,1.8,2.2,0.5,0.2,0.2,0.4,1.6,2.3,3075,2,0,70.8
Devin Booker,SG,24,PHO,23,23,35.2,9,18.2,0.492,2,5.8,0.353,6.9,12.4,0.556,0.548,4.4,5.3,0.829,0.2,3.5,3.7,4.4,0.9,0.3,3.5,3.3,24.4,615858,55,0,33.8
Chris Boucher,C,28,TOR,28,0,23.4,4.8,9,0.528,1.6,3.6,0.441,3.1,5.4,0.587,0.617,2.5,3.3,0.75,2,4.8,6.8,1,0.5,2.1,0.7,2.7,13.6,113109,14,0,46.5
Avery Bradley,SG,30,MIA,10,1,21.1,3.1,6.6,0.47,1.6,3.8,0.421,1.5,2.8,0.536,0.591,0.7,0.9,0.778,0.2,1.6,1.8,1.4,0.7,0.1,0.9,2.6,8.5,3079,0,0,111.2
Tony Bradley,C,23,PHI,10,1,11.7,1.9,3.6,0.528,0,0.1,0,1.9,3.5,0.543,0.528,0.3,0.5,0.6,2.1,2.9,5,0.6,0.3,0.6,0.1,1.1,4.1,3013,1,0,88.8
Mikal Bridges,SF,24,PHO,27,27,33.3,5.1,10.1,0.504,2,4.9,0.398,3.1,5.1,0.604,0.601,2,2.4,0.833,1.4,4,5.3,2.1,0.6,1,0.7,1.9,14.1,66027,16,0,51.2
Miles Bridges,PF,22,CHO,28,2,26.7,3.8,8,0.469,1.3,3.5,0.364,2.5,4.5,0.552,0.549,1.1,1.2,0.939,1.3,4.5,5.8,1.9,0.7,0.8,1.8,2.4,9.9,24489,9,0,59.5
Malcolm Brogdon,PG,28,IND,29,29,36,8.1,18.4,0.442,2.7,6.7,0.395,5.5,11.7,0.469,0.514,2.7,2.9,0.906,0.8,4.1,4.8,6.6,1.3,0.3,2.1,1.9,21.6,163014,21,0,44.2
Dillon Brooks,SF,25,MEM,24,24,29.2,6.1,15.4,0.397,1.9,6,0.319,4.2,9.4,0.447,0.459,1.7,2.1,0.8,1,2.2,3.3,2.6,1.3,0.4,2.3,3.3,15.8,5279,2,0,61.2
Bruce Brown,PG,24,BRK,26,13,19.2,2.7,4.9,0.555,0.2,0.8,0.182,2.6,4.1,0.632,0.57,0.8,1.1,0.69,1.3,3.1,4.4,1,0.7,0.4,0.8,1.8,6.4,2133,1,0,76.8
Jaylen Brown,SG,24,BOS,26,26,33.4,9.9,19.5,0.506,2.4,5.9,0.409,7.5,13.6,0.548,0.568,3.7,4.8,0.768,1.2,4.3,5.5,3.6,1.2,0.6,2.8,3,25.9,1401416,49,50,4.2
Sterling Brown,SG,25,HOU,26,1,21.4,2.8,6.2,0.45,1.5,3.8,0.408,1.2,2.4,0.516,0.575,0.4,0.4,1,0.8,3.1,3.9,1.8,1,0.3,0.7,2,7.5,1632,1,0,76.2
Troy Brown Jr.,SF,21,WAS,13,0,15.8,1.7,4.8,0.355,0.8,2.8,0.306,0.8,2,0.423,0.444,0.5,0.9,0.583,0.6,2.8,3.5,1,0.2,0.2,0.9,1.8,4.8,1658,1,0,96.8
Jalen Brunson,PG,24,DAL,24,6,24.1,4.3,8.3,0.515,1.1,2.8,0.382,3.2,5.5,0.583,0.58,2,2.3,0.889,0.2,3,3.2,3.6,0.4,0,1.2,1.5,11.7,4199,2,0,65.8
Thomas Bryant,C,23,WAS,10,10,27.1,5.9,9.1,0.648,0.9,2.1,0.429,5,7,0.714,0.698,1.6,2.4,0.667,1.8,4.3,6.1,1.5,0.4,0.8,1.1,3.1,14.3,10532,0,0,113.5
Reggie Bullock,SF,29,NYK,25,25,26.8,3.1,7.6,0.411,1.8,4.6,0.383,1.4,3,0.453,0.526,0.5,0.6,0.813,0.3,3.2,3.5,1.4,0.7,0.2,0.7,2.5,8.5,1000,1,0,86.2
Trey Burke,PG,28,DAL,27,0,17.3,2.9,6.6,0.444,1.3,3.4,0.396,1.6,3.2,0.494,0.545,0.9,1,0.852,0.1,1,1.1,1.6,0.8,0.1,0.6,1.5,8,2107,0,0,108.5
Alec Burks,SG,29,NYK,18,3,25.5,3.6,9,0.395,2,4.9,0.409,1.6,4.1,0.378,0.506,1.9,2.4,0.814,0.5,4.1,4.6,2.1,0.8,0.3,1.1,1.7,11.1,6261,0,0,104.8
Jimmy Butler,SF,31,MIA,16,16,32.9,6,13.7,0.438,0.3,1.5,0.167,5.8,12.2,0.472,0.447,7.2,8.4,0.858,1.8,5.9,7.7,7.4,1.9,0.4,2.1,1.1,19.4,938855,39,0,36.8
Kentavious Caldwell-Pope,SG,27,LAL,25,25,25.1,3,6.7,0.446,1.6,3.7,0.424,1.4,3,0.474,0.563,0.9,1.1,0.852,0.3,1.9,2.2,1.3,0.8,0.3,1,1.6,8.5,124419,0,0,85
Facundo Campazzo,PG,29,DEN,25,1,14,1.5,3.8,0.396,1,2.6,0.375,0.6,1.3,0.438,0.521,0.9,1.2,0.759,0.2,0.6,0.8,1.9,0.9,0.2,0.7,1.8,4.9,42618,0,0,87.5
Clint Capela,C,26,ATL,25,25,29.3,6.3,10.9,0.579,0,0,0,6.3,10.9,0.579,0.579,1.6,3.1,0.532,4.6,9.4,14,1,0.8,2.2,1.4,2.3,14.3,117487,4,0,48.5
Jevon Carter,PG,25,PHO,23,0,11.1,1.1,3.2,0.342,0.6,2.1,0.286,0.5,1,0.458,0.438,0.1,0.1,1,0.1,1.3,1.4,1.1,0.4,0.3,0.2,1.2,2.9,2278,0,0,107.5
Wendell Carter Jr.,C,21,CHI,16,16,26.6,4.8,8.6,0.551,0.3,0.9,0.267,4.5,7.7,0.585,0.565,3.3,4.5,0.722,2.2,5.6,7.8,2.2,0.7,0.7,1.9,3,13,31617,2,0,63.8
Michael Carter-Williams,SG,29,ORL,10,5,24.6,2.9,8.2,0.354,0.2,1.7,0.118,2.7,6.5,0.415,0.366,1.7,2.3,0.739,1.8,2.9,4.7,3,0.5,0.4,1.6,2.7,7.7,1102,1,0,83.2
Alex Caruso,PG,26,LAL,22,0,18.7,2,4.4,0.464,1,2.3,0.44,1,2.1,0.489,0.577,0.5,0.5,0.833,0.5,1.9,2.4,2.3,1,0.2,1.1,1.6,5.5,371648,0,0,79.5
Willie Cauley-Stein,C,27,DAL,26,10,17.5,2.4,3.8,0.626,0,0.2,0.2,2.3,3.6,0.649,0.631,1.1,1.7,0.636,1.3,3.3,4.6,0.8,0.3,0.7,0.5,2.5,5.9,4020,0,0,128.5
Gary Clark,SF,26,ORL,26,11,21,1.2,3.9,0.294,0.9,3.3,0.264,0.3,0.6,0.467,0.407,0.2,0.3,0.857,1.1,2.5,3.6,0.9,0.3,0.2,0.6,1.1,3.4,759,2,0,101.2
Brandon Clarke,PF,24,MEM,20,13,27.2,5.6,11.1,0.5,0.6,1.8,0.306,5,9.3,0.538,0.525,1.3,2.1,0.634,1.6,4,5.6,1.8,1.2,0.8,0.7,1.7,13,16895,5,0,63.5
Jordan Clarkson,SG,28,UTA,29,0,26.2,6.7,14.8,0.453,3.2,8.5,0.382,3.4,6.3,0.549,0.563,1.6,1.7,0.958,0.9,3.2,4.1,2.1,1,0.2,1.9,1.4,18.2,194457,4,0,42.5
John Collins,PF,23,ATL,28,28,31.6,7.1,13,0.547,1.4,3.4,0.411,5.7,9.6,0.595,0.6,2.6,3,0.867,2.2,5.4,7.6,1.6,0.5,1,1.4,3.4,18.2,71410,6,0,51
Mike Conley,PG,33,UTA,23,23,29.3,5.7,12.7,0.45,2.8,6.8,0.41,2.9,5.9,0.496,0.56,2.3,2.8,0.815,1,2.7,3.7,5.8,1.4,0.1,2,1.8,16.5,135103,14,0,41.8
Pat Connaughton,SG,28,MIL,25,0,19,2.2,5.1,0.438,1.3,3.4,0.384,0.9,1.7,0.548,0.566,0.2,0.3,0.625,0.9,2.9,3.8,1.4,0.7,0.5,0.3,1.3,6,2889,1,0,74.2
DeMarcus Cousins,C,30,HOU,25,11,20.2,3.2,8.4,0.376,1.6,4.6,0.336,1.6,3.8,0.426,0.469,1.8,2.4,0.746,1.2,6.4,7.6,2.4,0.8,0.7,1.6,3,9.6,60472,3,0,59.8
Robert Covington,PF,30,POR,26,26,31.4,2.7,7.2,0.371,1.7,5.1,0.333,1,2.1,0.463,0.489,0.6,0.7,0.889,0.8,5.4,6.2,1.8,1.6,0.9,1,2.6,7.6,12792,1,0,78
Torrey Craig,SF,30,MIL,15,0,11.7,1.1,2.5,0.459,0.5,1.2,0.444,0.6,1.3,0.474,0.568,0.1,0.1,0.5,0.8,1.8,2.6,0.8,0.5,0.3,0.3,1.5,2.9,1741,2,0,95.8
Jae Crowder,PF,30,PHO,24,16,27.9,3.4,8.9,0.379,2.4,6.9,0.345,1,2,0.49,0.512,1.2,1.4,0.848,0.4,4.8,5.2,2.2,0.9,0.2,0.8,2,10.3,13262,7,0,66
Jarrett Culver,SG,21,MIN,16,7,21.2,3.2,6.9,0.459,0.5,1.9,0.258,2.7,5,0.538,0.495,1.3,2.1,0.606,1.6,3.4,5,0.9,0.7,0.4,1.3,2.4,8.1,848,0,0,120.5
Seth Curry,SG,30,PHI,22,22,29,4.6,9.3,0.5,2.1,4.4,0.479,2.5,4.9,0.519,0.613,1.8,1.8,0.975,0.2,1.7,1.9,2.7,0.8,0.3,1.4,1.7,13.1,133502,9,0,46.5
Stephen Curry,PG,32,GSW,29,29,34,10,20.3,0.492,5,11.8,0.425,5,8.6,0.582,0.614,5,5.3,0.935,0.4,4.9,5.3,6,1.2,0.1,3.2,1.9,30,5481033,172,96,1
Anthony Davis,PF,27,LAL,23,23,32.8,8.9,16.7,0.533,0.7,2.5,0.293,8.1,14.1,0.575,0.555,4,5.7,0.715,2,6.3,8.4,3,1.3,1.8,2,1.8,22.5,3075499,120,2,4
Ed Davis,C,31,MIN,19,7,13.9,0.9,2.3,0.419,0,0,0,0.9,2.3,0.419,0.419,0.4,0.4,0.875,2,3.1,5.1,1,0.5,0.5,0.3,2.6,2.3,1334,1,0,100.5
Terence Davis,SG,23,TOR,22,2,13.8,2.5,5.8,0.438,1.3,3.3,0.384,1.3,2.5,0.509,0.547,0.4,0.5,0.9,0.3,1.4,1.6,0.9,0.5,0.1,0.9,1.7,6.8,1129,2,0,80.8
DeMar DeRozan,PF,31,SAS,25,25,33.4,6.6,13.4,0.488,0.6,1.9,0.333,5.9,11.5,0.514,0.512,6,6.8,0.893,0.8,4.2,5,6.9,0.8,0.3,1.6,1.8,19.8,280774,20,0,38.8
Hamidou Diallo,SG,22,OKC,28,5,24,4.7,9.8,0.48,0.4,1.4,0.289,4.3,8.5,0.511,0.5,2.7,4.1,0.661,1.1,4.3,5.4,2.5,1,0.4,1.5,2.5,12.5,4237,1,0,68.8
Gorgui Dieng,C,31,MEM,19,1,17.7,2.6,4.9,0.532,1.1,2.1,0.5,1.6,2.8,0.556,0.638,1.4,1.6,0.839,1.4,3.4,4.8,1.4,0.8,0.7,1.1,1.8,7.7,3594,2,0,84.5
Donte DiVincenzo,SG,24,MIL,28,28,26.1,3.7,8.9,0.419,2,4.9,0.401,1.8,4,0.441,0.53,0.5,0.8,0.619,1,3.4,4.5,2.8,1.2,0.2,1.2,1.5,9.9,37813,7,0,51
Luka Dončić,PG,21,DAL,27,27,35.3,10,21.1,0.475,2.4,7.2,0.335,7.6,14,0.546,0.532,6.6,8.3,0.795,0.9,7.7,8.6,9.4,1,0.7,4.2,2.2,29.1,3335042,58,30,2.5
Luguentz Dort,SG,21,OKC,27,27,29.6,4.3,10.6,0.409,1.9,5.7,0.323,2.5,4.9,0.511,0.497,2,2.6,0.746,0.7,2.8,3.5,1.4,0.9,0.3,1.5,2.5,12.5,20355,3,0,51.8
Damyean Dotson,SG,26,CLE,24,6,20.4,3,7.2,0.41,1.1,3.8,0.283,1.9,3.4,0.556,0.486,0.8,1.1,0.692,0.2,1.7,1.8,2.2,0.5,0.1,0.8,0.9,7.8,894,0,0,128.2
Sekou Doumbouya,PF,20,DET,24,1,13.1,1.5,4.3,0.353,0.4,1.6,0.256,1.1,2.6,0.413,0.402,0.7,1,0.739,0.6,1.8,2.4,0.6,0.4,0.1,0.7,1.5,4.1,2855,3,0,83.5
PJ Dozier,SG,24,DEN,17,0,19.4,2.6,5.5,0.468,0.9,2.2,0.405,1.7,3.4,0.509,0.548,1.1,1.5,0.72,0.9,3.2,4.1,1.4,0.5,0.6,0.8,1.7,7.1,833,1,0,86.8
Goran Dragić,PG,34,MIA,17,6,26.5,5.2,11.5,0.456,1.6,4.6,0.359,3.6,6.9,0.521,0.528,2.2,2.8,0.809,0.4,2.6,3.1,5.3,0.5,0.1,3,2.6,14.4,113122,4,0,49
Andre Drummond,C,27,CLE,25,25,28.9,7.2,15.2,0.474,0,0.3,0,7.2,14.9,0.484,0.474,3.1,5.2,0.597,4,9.4,13.5,2.6,1.6,1.2,3.2,2.8,17.5,189640,18,0,43
Kevin Durant,PF,32,BRK,19,18,35.7,9.9,18.9,0.524,2.6,5.9,0.434,7.3,12.9,0.565,0.592,6.6,7.6,0.869,0.4,6.9,7.3,5.3,0.7,1.4,3.5,2.3,29,5567106,209,97,1.5
Anthony Edwards,SG,19,MIN,29,12,28.2,5.4,14.2,0.383,1.8,5.7,0.319,3.6,8.5,0.427,0.448,1.9,2.3,0.806,0.6,3.1,3.7,2.4,0.7,0.3,1.6,1.5,14.6,10504,0,0,94
Wayne Ellington,SG,33,DET,21,18,22.9,3.7,8,0.456,2.7,6.2,0.438,1,1.9,0.513,0.624,0.6,0.8,0.75,0.3,1.6,2,1.1,0.4,0.2,0.7,1.5,10.6,3521,1,0,71.8
Joel Embiid,C,26,PHI,23,23,32.5,9.4,17.5,0.54,1.2,3,0.397,8.3,14.5,0.569,0.573,9.7,11.3,0.851,1.9,8.9,10.8,3.1,1.3,1.2,3.4,2.5,29.7,4171690,168,99,2.8
James Ennis,SF,30,ORL,20,19,21.9,2.6,5.2,0.495,0.9,1.9,0.447,1.7,3.3,0.523,0.578,1.3,1.6,0.839,1.2,2.6,3.8,1.4,1,0.3,1,2.2,7.3,2811,1,0,90.8
Drew Eubanks,C,23,SAS,11,0,12.6,1.5,3.4,0.432,0,0,0,1.5,3.4,0.432,0.432,1.1,1.5,0.75,0.6,2.7,3.4,0.4,0.1,1.4,0.5,1.3,4,1661,1,0,98.5
Derrick Favors,C,29,UTA,27,0,16.4,2.4,3.9,0.629,0,0,0,2.4,3.9,0.635,0.629,1.4,1.7,0.804,2.1,3.5,5.6,0.9,0.6,1.1,0.6,2.5,6.3,6811,1,0,83
Bruno Fernando,C,22,ATL,15,0,8.8,0.6,1.5,0.409,0,0.1,0,0.6,1.3,0.45,0.409,0.6,1,0.6,0.8,2.7,3.5,0.6,0.1,0.1,0.8,1,1.8,1185,1,0,100.2
Dorian Finney-Smith,PF,27,DAL,19,19,30.7,3.3,7.4,0.45,1.9,5.1,0.381,1.4,2.3,0.605,0.582,0.5,0.6,0.833,1.5,3.3,4.8,1.2,1,0.4,0.6,2.7,9.1,12082,6,0,68.5
Malachi Flynn,PG,22,TOR,13,0,8.2,0.8,3,0.282,0.4,1.8,0.217,0.5,1.2,0.375,0.346,0.2,0.3,0.5,0.1,0.6,0.7,1.2,0.3,0,0.3,0.8,2.2,596,0,0,134.2
Bryn Forbes,SG,27,MIL,28,5,18.4,3.5,7.2,0.48,2,4.3,0.471,1.4,2.9,0.494,0.621,0.5,0.7,0.7,0.2,1,1.1,0.5,0.3,0,0.7,1.2,9.5,2042,1,0,77.8
Evan Fournier,SF,28,ORL,15,15,28.7,5.8,12.9,0.451,2.3,6.2,0.366,3.5,6.7,0.53,0.539,4,5,0.8,0.3,2.3,2.5,3.6,1,0.4,2.1,2.3,17.9,22712,2,0,56.8
De'Aaron Fox,PG,23,SAC,26,26,33.1,8.4,17.7,0.476,1.8,5.4,0.343,6.6,12.3,0.534,0.528,4.5,6.6,0.69,0.7,2.6,3.3,6.8,1.2,0.5,3.1,2.7,23.2,192247,27,0,38.8
Markelle Fultz,PG,22,ORL,8,8,26.9,5.1,13,0.394,0.5,2,0.25,4.6,11,0.42,0.413,2.1,2.4,0.895,0.6,2.5,3.1,5.4,1,0.3,2.3,2.3,12.9,7174,0,0,104.2
Daniel Gafford,PF,22,CHI,23,11,14.3,2.1,3.2,0.671,0,0,0,2.1,3.2,0.671,0.671,1.1,1.6,0.676,1.4,1.9,3.3,0.7,0.5,1.3,0.8,2,5.3,2197,0,0,131.5
Danilo Gallinari,PF,32,ATL,16,1,19.7,3,7.6,0.397,1.6,4.3,0.377,1.4,3.3,0.423,0.504,3.1,3.3,0.942,0.2,2.7,2.9,1.1,0.2,0.1,1.2,1.9,10.7,11961,1,0,74.2
Langston Galloway,SG,29,PHO,22,0,11.1,1.5,3.3,0.466,0.9,1.9,0.476,0.6,1.4,0.452,0.603,0.7,0.7,1,0.2,0.9,1.1,0.7,0.2,0,0.3,0.6,4.7,538,2,0,87.8
Darius Garland,PG,21,CLE,21,18,32.3,6.4,14.2,0.452,1.7,4.1,0.407,4.8,10.1,0.469,0.51,1.3,1.5,0.903,0.5,1.8,2.2,5.3,1,0.1,2.5,2.4,15.9,20520,1,0,59.2
Marc Gasol,C,36,LAL,29,29,20,1.4,3.4,0.4,0.7,2,0.351,0.7,1.5,0.465,0.5,0.8,0.9,0.88,0.8,3.4,4.2,1.8,0.4,1.2,0.8,2.4,4.2,46896,4,0,59
Rudy Gay,PF,34,SAS,26,0,22,4.2,9.9,0.419,1.6,4.3,0.366,2.6,5.6,0.459,0.498,1.3,1.7,0.767,0.9,4.3,5.2,1.5,0.7,0.5,1.2,1.8,11.2,22129,1,0,70.5
Paul George,SF,30,LAC,20,20,34,8.4,16.6,0.508,3.8,7.9,0.478,4.7,8.7,0.534,0.621,3.8,4.2,0.905,0.7,5.6,6.2,5.5,1.2,0.5,3.6,2.3,24.4,1310058,45,2,5
Taj Gibson,PF,35,NYK,8,0,13.6,1.3,2.5,0.5,0.1,0.6,0.2,1.1,1.9,0.6,0.525,0.4,0.8,0.5,1.4,1.8,3.1,0.5,0.3,0.4,0.3,1.9,3,3450,1,0,86.8
Harry Giles,C,22,POR,22,0,11.8,1.2,2.8,0.419,0.1,0.4,0.375,1,2.5,0.426,0.444,0.6,0.8,0.722,1.1,3.8,4.9,0.9,0.2,0.4,0.7,2,3.1,1436,3,0,93.2
Shai Gilgeous-Alexander,SG,22,OKC,22,22,33.7,7.9,15.6,0.503,1.9,4.9,0.383,6,10.8,0.557,0.563,5,6.3,0.784,0.7,4.7,5.4,6.5,0.8,0.6,2.9,2,22.5,288073,26,0,37.5
Rudy Gobert,C,28,UTA,29,29,30.3,5.4,8.5,0.64,0,0,0,5.4,8.5,0.642,0.64,3.3,5.8,0.581,3.5,9.9,13.4,1.3,0.4,2.7,1.6,2.2,14.2,388106,35,5,8.8
Brandon Goodwin,PG,25,ATL,22,0,12.7,1.5,4.6,0.324,0.6,2.4,0.269,0.9,2.3,0.38,0.392,0.8,1.1,0.708,0.1,1.1,1.2,2,0.5,0,0.5,1,4.4,408,1,0,102.8
Aaron Gordon,PF,25,ORL,19,19,29.1,4.8,11.2,0.427,1.6,4.4,0.369,3.2,6.8,0.465,0.5,2.6,4.2,0.613,1.7,5.5,7.2,4.2,0.7,0.8,2.8,2,13.8,59481,3,0,54.5
Eric Gordon,SG,32,HOU,22,10,29.4,6.2,13.5,0.463,2.7,7.8,0.351,3.5,5.7,0.616,0.564,3.5,4.2,0.848,0.3,1.9,2.2,2.7,0.5,0.5,1.9,1.5,18.7,27062,0,0,89.5
Devonte' Graham,PG,25,CHO,25,25,32.8,4.4,12.4,0.352,2.8,8.1,0.347,1.6,4.3,0.361,0.465,2.2,2.8,0.775,0.6,2.4,3,5.7,1,0,1.4,1.5,13.7,11000,6,0,57.8
Jerami Grant,SF,26,DET,28,28,36.3,7.9,17.8,0.443,2.6,6.6,0.387,5.3,11.2,0.476,0.515,5.4,6.1,0.883,0.8,4.4,5.3,2.9,0.8,1.2,1.7,2.8,23.8,427925,34,0,39.5
Danny Green,SF,33,PHI,29,29,28.4,3.1,7.7,0.401,2.2,5.8,0.375,0.9,1.9,0.481,0.543,0.3,0.5,0.714,1,2.7,3.7,1.7,1.1,0.7,1.4,1.7,8.7,16564,1,0,60.2
Draymond Green,PF,30,GSW,24,24,29,2,5.4,0.362,0.3,1.8,0.186,1.6,3.6,0.448,0.392,1,1.4,0.676,0.6,5,5.6,8.3,1.4,0.6,2.6,3.1,5.2,424869,8,0,45.5
JaMychal Green,PF,30,DEN,24,3,21.3,3.3,7.5,0.441,1.7,4,0.427,1.6,3.5,0.458,0.556,1.1,1.3,0.844,1.7,4.5,6.3,1,0.6,0.3,1.1,2.8,9.4,9772,1,0,80
Javonte Green,SG,27,BOS,18,1,15.3,1.7,3.4,0.5,0.4,1.2,0.333,1.3,2.3,0.585,0.556,1.1,1.6,0.69,0.9,1.6,2.5,0.4,0.9,0.1,0.6,1.2,4.9,806,0,0,129.8
Jeff Green,PF,34,BRK,30,13,26,3.5,6.9,0.505,1.6,3.7,0.427,1.9,3.2,0.594,0.619,1.2,1.5,0.822,0.5,3.3,3.7,1.4,0.7,0.3,0.8,2,9.7,45144,3,0,57.5
Josh Green,SG,20,DAL,17,5,12.5,1,2.1,0.472,0.1,0.7,0.167,0.9,1.4,0.625,0.5,0.4,0.6,0.545,0.7,1.6,2.3,0.6,0.2,0.1,0.6,0.9,2.5,1042,0,0,117
Blake Griffin,PF,31,DET,20,20,31.3,4.1,11.1,0.365,2,6.2,0.315,2.1,4.9,0.429,0.453,2.2,3.1,0.71,0.4,4.9,5.2,3.9,0.7,0.1,1.6,2.1,12.3,71247,5,0,52
Rui Hachimura,PF,22,WAS,19,19,29.2,4.7,10.3,0.454,0.8,2.6,0.3,3.9,7.7,0.507,0.492,3.1,3.9,0.784,1.2,4.3,5.4,2,0.6,0.1,1,2.1,13.2,60077,8,0,51.2
Tyrese Haliburton,PG,20,SAC,25,2,29.4,4.8,9.6,0.498,2.3,5.2,0.443,2.4,4.3,0.565,0.619,0.6,0.7,0.824,1,2.6,3.6,5.2,1.2,0.6,1.6,1.2,12.4,11334,1,0,59.2
Tim Hardaway Jr.,SG,28,DAL,27,17,30.6,5.9,13.3,0.439,3.1,7.8,0.393,2.8,5.5,0.503,0.554,1.9,2.4,0.785,0.2,3,3.2,1.6,0.7,0.1,0.9,1.6,16.7,28076,4,0,49.5
James Harden,SG,31,TOT,24,24,37.6,7.6,15.8,0.482,3,7.9,0.384,4.6,7.9,0.579,0.578,6.2,6.9,0.897,0.8,6.5,7.3,11.3,1,0.8,4.3,2.3,24.5,2347594,58,39,3
Maurice Harkless,SF,27,MIA,10,3,10.9,0.4,1,0.4,0.4,0.8,0.5,0,0.2,0,0.6,0,0.2,0,0.1,0.8,0.9,0.7,0.2,0.3,0.2,1.2,1.2,1374,0,0,136.5
Montrezl Harrell,C,27,LAL,29,0,24.6,5.3,8.3,0.646,0,0.1,0,5.3,8.1,0.657,0.646,2.6,3.6,0.738,2.3,4,6.3,1.1,0.7,0.7,1.3,2.2,13.3,147724,3,0,54.2
Gary Harris,SG,26,DEN,19,19,30.6,3.6,8.2,0.442,1.3,3.9,0.32,2.4,4.3,0.556,0.519,1.2,1.6,0.733,0.7,1.8,2.5,1.7,0.9,0.2,0.7,1.9,9.7,4405,0,0,102
Joe Harris,SF,29,BRK,30,26,30.9,5.5,10.5,0.529,3.3,6.6,0.495,2.3,3.9,0.586,0.685,0.5,0.8,0.696,0.6,2.9,3.5,1.9,0.5,0.2,0.8,2.4,14.9,25321,1,0,57.2
Tobias Harris,PF,28,PHI,26,26,34.5,8,15.4,0.518,1.8,4.2,0.426,6.2,11.2,0.551,0.575,3.1,3.5,0.9,1.3,6.5,7.7,3.1,0.8,0.8,2,2.1,20.8,297079,27,0,41.8
Shaquille Harrison,SG,27,UTA,16,0,3.4,0.4,1.2,0.316,0,0.1,0,0.4,1.1,0.333,0.316,0.3,0.4,0.833,0.2,0.4,0.6,0.5,0.1,0,0.3,0.2,1.1,517,0,0,126
Josh Hart,SF,25,NOP,28,2,28,3.1,7,0.451,1.4,4.1,0.348,1.7,2.9,0.6,0.554,1.1,1.6,0.711,1,6.4,7.5,2.1,0.8,0.2,0.8,2.2,8.9,3719,3,0,66.8
Isaiah Hartenstein,C,22,DEN,18,0,8.7,1.7,3.1,0.545,0,0,0,1.7,3.1,0.545,0.545,0.9,1.5,0.593,1.4,1.4,2.8,0.6,0.4,0.7,0.8,2.2,4.2,1159,0,0,144.5
Jaxson Hayes,C,20,NOP,21,1,11.7,1.7,2.6,0.636,0,0,0,1.7,2.6,0.636,0.636,0.9,1.2,0.692,1.2,2.4,3.6,0.4,0.3,0.3,0.6,1.8,4.2,1832,0,0,137
Killian Hayes,PG,19,DET,7,7,21.1,1.9,6.7,0.277,0.7,2.9,0.25,1.1,3.9,0.296,0.33,0.1,0.3,0.5,0.1,1,1.1,3.6,0.3,0,2.4,2.1,4.6,2030,0,0,117.2
Gordon Hayward,SF,30,CHO,26,26,35.5,8.1,16.6,0.486,2.2,5.2,0.422,5.9,11.4,0.515,0.552,3.9,4.5,0.864,0.9,4.5,5.5,3.8,1.1,0.4,2.1,1.9,22.3,493526,17,0,41
Juancho Hernangómez,PF,25,MIN,13,6,18.6,2.3,5.8,0.4,1.1,3.4,0.318,1.2,2.4,0.516,0.493,0.7,1.1,0.643,1,4,5,0.5,0.4,0.2,0.5,0.9,6.4,4329,1,0,87
Willy Hernangómez,C,26,NOP,13,0,17.1,2.8,5.1,0.545,0.1,0.4,0.2,2.7,4.7,0.574,0.553,1.2,1.8,0.652,2.6,3.8,6.5,1.2,0.5,0.4,0.4,1.1,6.8,3010,4,0,85
Tyler Herro,SG,21,MIA,20,14,34.4,6.5,14.8,0.437,2.1,6.2,0.339,4.4,8.6,0.509,0.508,2,2.5,0.78,0.5,5.9,6.3,3.9,0.5,0.5,2.6,1.7,17,199756,3,0,48
Buddy Hield,SG,28,SAC,27,27,34.8,5.3,14.1,0.377,3.9,10.4,0.377,1.4,3.7,0.376,0.516,1.5,1.7,0.872,0.4,4.4,4.8,3,0.9,0.3,2,2.7,16.1,17401,5,0,51.2
George Hill,PG,34,OKC,14,14,26.4,4.4,8.6,0.508,1.6,4.1,0.386,2.8,4.5,0.619,0.6,1.5,1.8,0.84,0.6,1.5,2.1,3.1,0.9,0.1,0.9,0.9,11.8,3403,1,0,72.2
Solomon Hill,PF,29,ATL,28,1,19,1.5,4.3,0.358,1,3.2,0.322,0.5,1.1,0.467,0.479,0.3,0.4,0.8,0.4,1.9,2.3,0.9,0.6,0.2,0.5,1.6,4.4,928,1,0,103.2
Aaron Holiday,PG,24,IND,29,6,19.9,2.8,7.6,0.37,1.1,3.2,0.333,1.7,4.3,0.397,0.441,0.8,1,0.759,0.2,1.1,1.3,1.8,0.5,0.1,0.8,1.7,7.4,919,0,0,127.2
Jrue Holiday,PG,30,MIL,23,23,32.5,6.5,13,0.502,1.9,4.8,0.387,4.7,8.2,0.569,0.574,1.5,1.9,0.791,1.3,3.5,4.8,5.4,1.9,0.6,1.6,1.7,16.4,91969,23,0,46.2
Justin Holiday,SG,31,IND,29,20,32.2,4,8.5,0.466,2.4,5.8,0.419,1.6,2.8,0.563,0.607,1.2,1.5,0.791,0.7,3.5,4.2,1.7,1.2,0.3,0.7,2.3,11.5,4183,3,0,66
Richaun Holmes,C,27,SAC,25,25,29.6,5.4,8.4,0.648,0,0.2,0.2,5.4,8.2,0.659,0.65,1.8,2.3,0.793,2.5,5.2,7.7,1.8,0.7,1.6,1.5,4.1,12.8,20205,4,0,64
Rodney Hood,SF,28,POR,23,5,19,2.1,5.7,0.366,0.6,2,0.298,1.5,3.7,0.405,0.42,0.2,0.3,0.667,0.2,1.5,1.7,1.2,0.7,0.1,0.8,1.4,5,575,2,0,86.8
Al Horford,C,34,OKC,19,19,28.2,5.9,13,0.453,2.2,5.5,0.39,3.7,7.5,0.5,0.536,0.7,0.9,0.778,0.8,6.1,6.9,3.6,0.9,0.8,1.3,1.7,14.7,53546,12,0,54.2
Talen Horton-Tucker,SG,20,LAL,25,0,16.5,2.7,6,0.447,0.5,1.7,0.279,2.2,4.3,0.514,0.487,0.9,1.1,0.821,0.4,2,2.4,1.8,0.8,0.5,1.2,1.9,6.8,62873,1,0,51.8
Danuel House,SF,27,HOU,17,7,27.9,3.1,8.2,0.374,1.4,4.9,0.286,1.6,3.2,0.509,0.46,1.4,1.8,0.767,0.6,3.1,3.6,2.1,0.8,0.5,0.9,1.8,8.9,4235,1,0,87.5
Dwight Howard,C,35,PHI,29,4,16.7,2.1,3.8,0.555,0.1,0.3,0.375,2,3.5,0.569,0.568,1.6,3,0.523,2.7,5,7.7,0.7,0.4,0.9,1.9,3.1,5.9,142606,7,0,46.2
Kevin Huerter,SG,22,ATL,28,17,31.8,4.5,10.7,0.423,2.2,5.8,0.385,2.3,5,0.468,0.527,0.7,0.9,0.792,0.7,2.9,3.6,3.8,1.2,0.2,1.3,2.3,12,7176,1,0,64.8
De'Andre Hunter,SF,23,ATL,18,18,32.2,6,11.7,0.514,1.7,4.6,0.366,4.3,7.1,0.609,0.586,3.6,4.1,0.877,0.9,4.5,5.4,2.2,0.9,0.5,1.4,2.6,17.2,46234,2,0,59.2
Serge Ibaka,C,31,LAC,29,29,24.2,4.8,9.2,0.515,1,2.7,0.377,3.8,6.6,0.571,0.569,1.2,1.5,0.818,1.9,4.8,6.7,1.7,0.2,1.2,1.3,1.9,11.8,63096,5,0,55
Andre Iguodala,SF,37,MIA,26,2,21.2,1.6,4.3,0.369,1,3.3,0.318,0.5,1,0.538,0.491,0.2,0.4,0.455,0.5,3.1,3.6,2.3,1,0.5,1,1.5,4.4,42195,1,0,64.8
Joe Ingles,SF,33,UTA,25,8,26.6,4.1,7.9,0.518,2.4,5.3,0.451,1.7,2.6,0.656,0.67,1.2,1.4,0.882,0.4,3,3.5,4.7,0.4,0.2,1.6,1.7,11.8,80890,4,0,54.5
Brandon Ingram,SF,23,NOP,28,28,34.8,8.2,17.5,0.466,2.5,6.3,0.4,5.7,11.3,0.503,0.538,4.7,5.4,0.874,0.6,4.8,5.4,4.8,0.6,0.9,2.5,1.8,23.6,606826,37,0,41
Kyrie Irving,PG,28,BRK,20,20,35.4,10.7,20,0.534,3.1,6.9,0.442,7.6,13.1,0.582,0.61,3.9,4.3,0.918,0.9,3.7,4.6,5.7,1.1,0.8,2.4,3,28.3,2765320,100,21,2.5
Wesley Iwundu,SF,26,DAL,17,3,13.6,0.8,2.7,0.283,0.2,1.4,0.13,0.6,1.4,0.435,0.315,0.5,0.6,0.8,0.3,1.6,1.9,0.5,0.4,0.1,0.2,1.2,2.2,658,0,0,152
Josh Jackson,SG,23,DET,26,6,24.1,4.5,10.5,0.427,1.4,4.4,0.322,3.1,6.1,0.503,0.495,2.3,3.4,0.685,0.7,3.3,4,1.9,1,0.9,2.4,3,12.8,4759,1,0,81.8
Justin Jackson,SF,25,OKC,18,2,18,2.9,6.4,0.457,1.2,3.3,0.356,1.8,3.2,0.561,0.547,0.8,1,0.778,0.4,1.9,2.4,1.8,0.4,0.1,1,1.2,7.8,1372,0,0,140.5
Reggie Jackson,SG,30,LAC,27,14,20.8,3.1,7.4,0.427,1.2,3.4,0.348,2,4,0.495,0.508,1.1,1.4,0.744,0.3,2.4,2.7,3.3,0.7,0.1,1,1.9,8.6,6806,1,0,62.8
LeBron James,PG,36,LAL,29,29,34.7,9.4,18.8,0.504,2.5,6.7,0.378,6.9,12.1,0.573,0.571,4.2,6,0.711,0.6,7.6,8.2,7.9,1,0.5,3.7,1.6,25.7,5922554,214,100,1
Isaiah Joe,SG,21,PHI,16,1,13.3,1.7,4.4,0.38,1.3,3.5,0.375,0.4,0.9,0.4,0.528,0.3,0.3,1,0.3,0.9,1.2,0.9,0.4,0.3,0.3,1.3,5,715,0,0,132.2
Cameron Johnson,PF,24,PHO,27,9,25.4,3.8,8.6,0.438,2.2,5.9,0.369,1.6,2.7,0.589,0.564,1,1.1,0.871,0.6,3,3.6,1.5,0.6,0.3,0.8,1.3,10.7,20797,1,0,71.5
James Johnson,PF,33,DAL,23,0,18.4,2.6,5.3,0.488,0.6,2.2,0.28,2,3.2,0.63,0.545,0.6,1,0.542,0.5,2.6,3.1,1.6,0.9,0.8,1.1,2.1,6.4,3275,1,0,90.5
Keldon Johnson,SF,21,SAS,27,27,30.1,5.3,11.4,0.468,1,3,0.325,4.4,8.4,0.518,0.51,2.9,3.7,0.778,1.7,5.2,7,2.3,0.8,0.5,1.5,2.3,14.5,15926,1,0,58.2
Stanley Johnson,PF,24,TOR,25,1,14.7,1,2.5,0.403,0.6,1.5,0.405,0.4,1,0.4,0.524,0.4,0.6,0.786,0.6,2,2.5,1.4,0.8,0.3,0.7,1.7,3,2733,0,0,129.5
Tyler Johnson,SG,28,BRK,13,1,12.2,1.6,3.6,0.447,1.2,2.5,0.469,0.5,1.2,0.4,0.606,0.2,0.2,1,0.2,1,1.2,0.8,0.3,0,0.3,0.6,4.5,560,0,0,137.2
Nikola Jokić,C,25,DEN,28,28,35.9,10.5,18.4,0.57,1.5,3.8,0.402,9,14.6,0.614,0.611,4.8,5.5,0.871,3,8.2,11.1,8.6,1.6,0.6,3.4,3.1,27.4,4208879,167,99,2
Derrick Jones Jr.,SF,23,POR,24,23,27.1,2.8,6,0.476,0.7,2.6,0.274,2.1,3.4,0.63,0.535,1.3,2,0.612,1.8,2.9,4.7,0.7,0.8,0.9,0.7,2.6,7.6,11147,2,0,75
Mason Jones,SG,22,HOU,18,1,11.2,1.8,4,0.458,0.9,2.3,0.415,0.9,1.7,0.516,0.576,0.9,1.7,0.548,0.2,1.8,2,1.3,0.3,0,1.2,1,5.6,895,0,0,119
Tyus Jones,PG,24,MEM,24,8,23.5,3.3,8,0.406,0.7,2.8,0.25,2.5,5.2,0.492,0.451,0.5,0.6,0.8,0.6,2.1,2.8,5.3,1.3,0.1,1,0.5,7.7,1187,2,0,76.2
DeAndre Jordan,C,32,BRK,28,22,21.6,3.2,4,0.788,0,0,0,3.2,4,0.788,0.788,0.8,1.5,0.548,1.8,5.3,7,1.9,0.3,1.4,1.7,2.1,7.2,58347,5,0,53.5
Cory Joseph,PG,29,SAC,27,1,19.8,2.7,5.7,0.471,0.7,2,0.327,2,3.7,0.55,0.529,0.7,1,0.741,0.4,1.7,2.1,2.4,0.8,0.2,1.1,2.2,6.8,1651,0,0,110
Frank Kaminsky,C,27,PHO,20,6,15.8,2.6,5.8,0.452,0.8,2,0.385,1.9,3.8,0.487,0.517,0.7,1.2,0.609,1,3.5,4.5,2,0.2,0.5,0.5,1.6,6.7,3196,2,0,87.5
Enes Kanter,C,28,POR,28,16,25.1,4.9,8.4,0.581,0,0,0,4.9,8.4,0.581,0.581,1.8,2.3,0.754,4.1,7,11.1,1.1,0.5,0.8,1.2,2.5,11.5,60993,5,0,55.5
Luke Kennard,SG,24,LAC,29,7,22,3,6.5,0.463,1.6,3.6,0.442,1.4,2.9,0.488,0.585,0.4,0.5,0.867,0.3,2.6,2.9,1.8,0.3,0.2,0.9,1.6,8,4166,2,0,66.2
Maxi Kleber,PF,29,DAL,17,11,25.6,2.2,5.1,0.43,1.7,3.8,0.453,0.5,1.3,0.364,0.599,1,1.1,0.944,0.9,4.4,5.4,1.5,0.4,0.8,0.6,2.4,7.1,17698,6,0,62.5
Kevin Knox,SF,21,NYK,23,0,16.2,1.9,4.9,0.389,1.1,2.9,0.379,0.8,2,0.404,0.5,0.4,0.5,0.833,0.4,1.7,2.1,0.7,0.3,0.3,0.7,1.4,5.3,7534,0,0,115
John Konchar,SG,24,MEM,16,0,16.5,1.5,3.5,0.429,0.4,1.4,0.318,1.1,2.1,0.5,0.491,0.9,1,0.938,1,2.8,3.8,1.1,1.1,0.3,0.5,1.4,4.4,951,0,0,118
Furkan Korkmaz,SG,23,PHI,18,1,19.5,2.7,7.2,0.377,1.3,4.2,0.32,1.4,3.1,0.455,0.469,0.8,0.9,0.875,0.2,2.3,2.6,0.8,0.7,0.1,0.9,1.1,7.6,8116,0,0,102.2
Kyle Kuzma,SF,25,LAL,29,7,25,4.3,9.5,0.453,1.7,4.6,0.361,2.7,4.9,0.538,0.54,0.6,0.9,0.615,1.8,4.2,6,1.1,0.3,0.7,1.3,1.6,10.8,177565,1,0,60
Jeremy Lamb,SG,28,IND,16,8,25.1,4.1,8.1,0.508,1.9,3.9,0.5,2.2,4.3,0.515,0.627,2.3,2.4,0.923,0.9,3.4,4.3,1.6,0.9,0.5,0.9,2.1,12.4,5937,4,0,62.5
Zach LaVine,SG,25,CHI,27,27,35.6,10.2,19.6,0.52,3.6,8.2,0.437,6.6,11.4,0.58,0.612,4.5,5.3,0.847,0.8,4.7,5.5,5.2,1.1,0.4,3.9,2.6,28.5,1500979,58,4,4
Jake Layman,SF,26,MIN,19,3,15.4,2.4,4.8,0.489,0.6,1.9,0.297,1.8,2.9,0.618,0.549,0.9,1.2,0.783,0.3,1.2,1.5,0.5,0.9,0.5,0.5,1.2,6.3,829,0,0,148
Damion Lee,SG,28,GSW,29,0,19.3,2.1,4.8,0.432,1.4,3.8,0.373,0.7,1,0.655,0.579,0.7,0.8,0.909,0.4,2.9,3.3,1.5,0.6,0.1,0.4,1.7,6.2,37456,2,0,50.2
Alex Len,C,27,TOT,20,6,14.6,2.4,3.8,0.627,0.3,1,0.316,2.1,2.8,0.732,0.667,1,1.7,0.588,0.8,2.8,3.5,1.1,0.4,1.1,1.2,1.9,6,1662,0,0,134.5
Kawhi Leonard,SF,29,LAC,23,23,34.4,9.7,19,0.513,1.9,4.9,0.389,7.8,14.1,0.556,0.563,5.3,6.1,0.879,0.8,5,5.9,5,1.8,0.6,1.8,1.5,26.7,3388151,107,91,3.2
Caris LeVert,SG,26,BRK,12,4,27.8,7.3,16.7,0.435,1.8,5.3,0.349,5.4,11.4,0.474,0.49,2.2,2.8,0.765,0.8,3.5,4.3,6,1.1,0.5,2.2,1.7,18.5,23739,1,0,58.2
Kira Lewis Jr.,PG,19,NOP,17,0,13.1,2.1,5.1,0.402,0.6,1.7,0.379,1.4,3.4,0.414,0.466,0.8,1.2,0.65,0.1,0.8,0.9,1.8,0.6,0.1,0.5,1,5.5,878,2,0,81.8
Damian Lillard,PG,30,POR,27,27,35.9,9.2,20.4,0.451,4.1,10.8,0.384,5.1,9.6,0.527,0.553,7.2,7.7,0.933,0.5,3.9,4.4,7.7,1.1,0.3,3.1,1.6,29.8,2848663,131,64,2.5
Nassir Little,PF,20,POR,13,2,10.8,1.7,3.1,0.55,0.8,1.4,0.611,0.8,1.7,0.5,0.688,0.6,0.7,0.889,0.8,1.2,2,0.2,0.2,0.3,0.5,0.8,4.8,1261,2,0,97.5
Kevon Looney,C,24,GSW,21,5,14.7,1.6,2.5,0.623,0.1,0.2,0.4,1.5,2.3,0.646,0.642,0.4,0.6,0.692,1.5,2.6,4.1,1.8,0.3,0.3,0.7,1.8,3.7,16483,0,0,114.5
Brook Lopez,C,32,MIL,28,28,27.1,3.9,8.5,0.46,1.6,4.6,0.359,2.3,3.9,0.578,0.557,1.3,1.6,0.841,1.5,3.6,5.1,0.6,0.5,1.3,0.8,1.9,10.8,40248,4,0,58
Robin Lopez,C,32,WAS,26,9,19.4,3.1,5.3,0.591,0.2,0.5,0.333,3,4.8,0.616,0.606,1.6,2.3,0.672,2.2,2,4.2,1,0.2,0.5,1,1.9,8,5348,3,0,73
Kyle Lowry,PG,34,TOR,25,25,34.4,6,13.2,0.452,2.8,7.1,0.388,3.2,6.1,0.526,0.556,3,3.5,0.874,0.8,4.6,5.4,6.4,1.2,0.2,2.9,3.2,17.7,356185,22,0,42.5
Timothé Luwawu-Cabarrot,SF,25,BRK,30,5,19.7,2.6,6.4,0.404,1.5,4.1,0.366,1.1,2.3,0.471,0.521,0.6,0.8,0.75,0.6,1.8,2.4,1.3,0.6,0.2,0.7,1.6,7.3,1827,1,0,79.8
Trey Lyles,PF,25,SAS,14,2,11.8,1.3,2.6,0.5,0.3,1.1,0.267,1,1.5,0.667,0.556,0.6,1.1,0.6,0.5,2.6,3.1,0.5,0,0,0,0.4,3.5,1070,0,0,145
Théo Maledon,PG,19,OKC,23,8,23.4,2.8,7,0.4,1.5,3.9,0.378,1.3,3,0.429,0.506,0.7,1,0.708,0.2,2.5,2.7,2.8,1,0,1.8,2.2,7.8,3427,1,0,71.8
Terance Mann,SG,24,LAC,27,3,15.1,1.6,3.5,0.457,0.2,0.9,0.25,1.4,2.6,0.529,0.489,0.9,1.2,0.75,0.9,2.4,3.3,1.1,0.5,0.2,0.7,1.5,4.3,1618,2,0,73.2
Lauri Markkanen,PF,23,CHI,14,14,30.4,6.8,13.2,0.514,2.9,7.2,0.396,3.9,6,0.655,0.622,2.7,3.2,0.844,0.6,5.5,6.1,0.9,0.6,0.4,1.7,2.2,19.1,86378,2,0,54.2
Caleb Martin,SF,25,CHO,23,1,15.8,2.2,5.2,0.42,0.7,2.2,0.3,1.5,3,0.507,0.483,0.6,1.1,0.56,0.8,2,2.8,1.3,0.9,0.3,0.7,1.1,5.6,525,0,0,137.8
Garrison Mathews,SG,24,WAS,20,4,16.1,1.9,4.8,0.389,1.5,3.8,0.382,0.4,1,0.421,0.542,1.9,2.1,0.902,0.4,1.1,1.5,0.5,0.9,0.2,0.2,1.6,7,896,0,0,127.8
Wesley Matthews,SG,34,LAL,22,1,20.4,1.6,4.1,0.4,1.3,3.3,0.384,0.4,0.8,0.471,0.556,0.5,0.7,0.8,0.4,1,1.4,1.1,0.5,0.4,0.4,1.5,5.1,5531,1,0,64.2
Tyrese Maxey,SG,20,PHI,28,6,16.9,3.7,8.1,0.456,0.5,1.9,0.278,3.1,6.1,0.512,0.489,0.8,0.9,0.88,0.2,1.7,1.9,1.7,0.5,0.1,0.6,1.2,8.7,3738,0,0,109.2
CJ McCollum,SG,29,POR,13,13,33.8,9.5,20,0.473,4.8,11,0.441,4.6,9,0.513,0.594,2.9,3.5,0.844,0.5,3.4,3.9,5,1.3,0.3,1,2.2,26.7,303210,11,0,38.8
T.J. McConnell,PG,28,IND,26,1,24,2.7,5.3,0.504,0.2,0.6,0.375,2.5,4.7,0.52,0.525,0.2,0.5,0.333,0.7,2.7,3.3,6.6,1.7,0.4,1.7,1.6,5.8,3559,4,0,67.5
Jaden McDaniels,PF,20,MIN,23,1,18.7,2,5.1,0.398,1,2.7,0.381,1,2.4,0.418,0.5,0.3,0.7,0.4,0.7,2.7,3.3,1,0.3,1.1,0.8,2.5,5.4,1201,0,0,143.5
Jalen McDaniels,SF,23,CHO,10,0,10.8,1.6,3.3,0.485,0.2,0.9,0.222,1.4,2.4,0.583,0.515,0.7,1.1,0.636,0.4,1.7,2.1,0.6,0.2,0,0.9,1.5,4.1,557,0,0,146.5
Doug McDermott,PF,29,IND,28,8,26.2,5.1,10.1,0.511,1.5,4.3,0.355,3.6,5.8,0.627,0.587,1.3,1.6,0.795,1,3.1,4.1,1.4,0.3,0.1,1.1,1.8,13.1,12577,8,0,64.2
JaVale McGee,C,33,CLE,20,1,15.7,3.1,6.8,0.459,0.3,0.8,0.313,2.9,6,0.479,0.478,1.3,2.2,0.591,1.7,3.9,5.6,1,0.5,1.2,1.3,2.5,7.8,45300,0,0,102
Jordan McLaughlin,PG,24,MIN,17,0,18.2,2.2,5.5,0.394,0.5,1.4,0.375,1.6,4.1,0.4,0.441,0.4,0.5,0.778,0.5,1.7,2.2,4.6,1,0.2,1.2,0.8,5.3,468,0,0,128
Ben McLemore,SG,27,HOU,20,2,15.2,2.2,5.8,0.374,1.4,4.2,0.337,0.8,1.6,0.469,0.496,0.7,0.9,0.722,0.4,1.8,2.2,1,0.6,0.1,1.1,1.3,6.4,1151,0,0,114.5
Nicolò Melli,PF,30,NOP,13,0,10.5,0.6,2.2,0.286,0.5,1.7,0.273,0.2,0.5,0.333,0.393,0.3,0.4,0.8,0.2,1.9,2.1,0.9,0.5,0.1,0.5,1.2,2,2170,0,0,135.5
De'Anthony Melton,PG,22,MEM,12,0,21.5,4,8.3,0.48,1.6,3.6,0.442,2.4,4.8,0.509,0.575,0.4,0.7,0.625,0.3,2.7,3,3.2,0.9,1,1.4,2.1,10,574,1,0,90.8
Khris Middleton,SF,29,MIL,28,28,33,7.5,14.6,0.51,2.4,5.5,0.442,5,9.1,0.551,0.593,3,3.3,0.902,0.7,5.1,5.8,5.8,1,0.1,2.5,2.8,20.3,181478,14,0,44.5
Patty Mills,PG,32,SAS,27,0,25.4,4.7,10.5,0.449,2.6,6.5,0.4,2.1,4,0.528,0.572,1.2,1.3,0.943,0.3,1.6,1.9,2.7,0.7,0,1,1.4,13.2,12014,0,0,93
Paul Millsap,PF,35,DEN,26,26,23.9,3.8,7.3,0.524,1.2,3,0.41,2.6,4.3,0.604,0.608,1.6,2.3,0.695,1.6,3.6,5.2,1.7,0.8,0.5,1,2.1,10.4,8842,2,0,76.5
Shake Milton,SG,24,PHI,22,1,24.4,4.9,10.9,0.452,1,3.3,0.306,3.9,7.6,0.515,0.498,3.2,3.6,0.875,0.5,1.4,1.9,3,0.7,0.2,1.5,2.2,14,25114,1,0,57.8
Donovan Mitchell,SG,24,UTA,27,27,33.6,8.3,19.4,0.427,3.4,8.6,0.391,4.9,10.8,0.457,0.514,4.2,5.1,0.832,1,3.4,4.4,5.1,0.9,0.4,3,2.2,24.2,741272,58,30,2.5
Malik Monk,SG,22,CHO,15,0,21.1,3.6,8,0.45,2.2,4.4,0.5,1.4,3.6,0.389,0.588,1.1,1.3,0.85,0.3,2,2.3,1.8,0.3,0.1,1.1,1.3,10.5,1839,0,0,118.2
E'Twaun Moore,SG,31,PHO,14,1,16.2,2.3,5.2,0.438,0.4,1.4,0.263,1.9,3.9,0.5,0.473,0.4,0.6,0.75,0.4,1.1,1.4,1.6,0.8,0.1,0.9,1.6,5.4,415,0,0,129.5
Ja Morant,PG,21,MEM,16,16,30.3,6.8,14.9,0.458,0.8,3.3,0.25,6,11.6,0.516,0.485,4.3,5.4,0.802,0.8,2.3,3.1,8.3,0.9,0.3,3.2,1.4,18.8,556311,22,0,35.5
Marcus Morris,PF,31,LAC,21,2,25,4.5,10,0.45,2.5,5,0.5,2,5,0.4,0.576,1.7,1.9,0.897,0.8,3,3.8,0.9,0.6,0.3,1,1.8,13.2,8549,5,0,71.5
Markieff Morris,PF,31,LAL,23,2,15.3,1.6,4,0.387,0.9,2.7,0.323,0.7,1.3,0.516,0.495,0.6,0.8,0.722,0.6,2.9,3.5,0.9,0.2,0.3,0.5,1.5,4.6,4834,1,0,86
Monte Morris,PG,25,DEN,27,3,26,4.1,8.5,0.489,1.3,3.2,0.391,2.9,5.3,0.549,0.563,1.2,1.7,0.702,0.3,1.9,2.1,3.3,0.7,0.3,0.6,0.8,10.8,7045,1,0,62.2
Mychal Mulder,PG,26,GSW,28,1,10.8,1.4,3,0.476,1.1,2.6,0.444,0.3,0.4,0.667,0.667,0.3,0.4,0.636,0,0.9,0.9,0.4,0.2,0.2,0.2,1,4.3,1120,0,0,115.5
Dejounte Murray,PG,24,SAS,27,27,30.4,6.2,13.9,0.447,1,3.3,0.315,5.1,10.6,0.488,0.484,1.7,2.1,0.81,0.6,6.6,7.2,5,1.6,0.1,1.7,2.1,15.1,32174,11,0,46.8
Jamal Murray,PG,23,DEN,26,26,34.9,7.2,15.9,0.452,2.3,6.3,0.358,4.9,9.6,0.514,0.523,2.8,3.4,0.809,0.7,3.6,4.3,4.5,1.1,0.3,2.3,2.1,19.4,163870,19,0,41
Mike Muscala,C,29,OKC,26,0,19,3.4,7.6,0.444,2,5.3,0.38,1.4,2.3,0.59,0.576,1.1,1.2,0.906,0.5,3.2,3.7,0.9,0.3,0.3,0.7,1.5,9.9,6658,0,0,124
Sviatoslav Mykhailiuk,SF,23,DET,27,0,15.4,2.1,5.6,0.38,1.4,4.3,0.322,0.7,1.3,0.571,0.503,0.8,0.9,0.875,0.3,1.6,1.9,1.2,0.6,0.2,0.7,0.9,6.4,1522,0,0,120.2
Abdel Nader,SF,27,PHO,12,0,14.3,2.6,5.2,0.5,0.8,2.1,0.4,1.8,3.1,0.568,0.581,1.2,1.5,0.778,0,2.4,2.4,0.9,0.4,0.1,0.7,1.1,7.2,1235,2,0,98
Larry Nance Jr.,PF,28,CLE,19,18,33.4,3.7,7.6,0.483,1.3,3.3,0.381,2.4,4.3,0.561,0.566,0.6,1.1,0.571,1.4,5.4,6.8,3.2,1.9,0.5,1.5,2.2,9.3,32793,2,0,62.8
Aaron Nesmith,SF,21,BOS,13,0,14.7,1.2,3.6,0.34,0.9,2.9,0.316,0.3,0.7,0.444,0.468,0.4,0.5,0.714,0.5,1.8,2.3,0.5,0,0.3,0.7,1.8,3.8,459,0,0,140.8
Raul Neto,PG,28,WAS,21,6,18.9,3.1,6.7,0.468,1,2.7,0.368,2.1,4,0.536,0.543,0.8,1,0.8,0.5,1.8,2.2,1.7,1,0.1,0.6,1.3,8,13063,0,0,99.8
Georges Niang,PF,27,UTA,29,0,13.1,1.8,4.7,0.39,1,3.2,0.323,0.8,1.5,0.535,0.5,0.2,0.2,1,0.3,1.9,2.2,0.8,0.4,0.1,0.7,1.5,4.9,1484,3,0,92.8
Nerlens Noel,C,26,NYK,25,3,19,1.8,3.1,0.564,0,0.1,0,1.8,3,0.579,0.564,0.5,0.9,0.545,1.7,3.6,5.3,0.5,0.9,1.9,0.9,2.2,4,3668,0,0,123
Jaylen Nowell,SG,21,MIN,15,0,15.7,3.5,7.7,0.457,1.1,3.2,0.354,2.4,4.5,0.529,0.53,1.5,1.9,0.786,0.5,1.2,1.7,0.9,0.4,0.3,0.6,1.8,9.7,378,0,0,130.5
Kendrick Nunn,PG,25,MIA,20,8,28.4,5.4,11.3,0.473,1.9,5.5,0.349,3.5,5.9,0.59,0.558,1.1,1.2,0.875,0.5,2.8,3.2,2.3,1.1,0.2,2.1,1.8,13.7,4957,0,0,105.8
Jusuf Nurkić,C,26,POR,12,12,23.3,4.2,8.6,0.485,0.3,1,0.25,3.9,7.6,0.516,0.5,1.3,2.3,0.556,1.9,5.8,7.7,2.8,0.9,0.9,1.9,2.8,9.8,23868,2,0,64.5
David Nwaba,SF,28,HOU,24,9,23.3,3.4,7,0.482,0.6,2.2,0.264,2.8,4.8,0.583,0.524,1.4,2.1,0.68,1.2,2.5,3.7,1.1,1.1,0.8,0.6,2.1,8.8,1331,0,0,113.5
Royce O'Neale,SF,27,UTA,29,29,32.6,2.7,5.8,0.462,1.8,4.1,0.429,0.9,1.7,0.54,0.612,0.8,0.9,0.846,1.1,5.7,6.9,2.3,0.8,0.7,1.1,2.9,7.9,19724,1,0,72.5
Semi Ojeleye,PF,26,BOS,27,6,19.6,2,4.7,0.414,1.3,3.3,0.378,0.7,1.4,0.5,0.547,0.7,0.9,0.72,0.6,2.5,3.1,0.9,0.3,0,0.4,1.2,5.9,3879,0,0,121.5
Jahlil Okafor,C,25,DET,12,0,10,2.1,3.5,0.595,0,0.3,0,2.1,3.3,0.641,0.595,0.1,0.2,0.5,1.1,1.2,2.3,0.3,0.2,0.2,0.3,0.8,4.3,1359,1,0,98.8
Chuma Okeke,PF,22,ORL,13,0,21.7,1.7,4.5,0.379,0.7,2.2,0.31,1,2.2,0.448,0.457,0.2,0.5,0.5,1.2,2.2,3.4,2.1,0.8,0.3,0.7,1,4.3,694,1,0,106.2
Josh Okogie,SG,22,MIN,23,18,20.3,1.7,4.8,0.345,0.4,2,0.217,1.2,2.8,0.438,0.391,1.3,1.7,0.763,1,1.6,2.6,1.2,0.8,0.6,0.7,1.9,5,482,1,0,92.8
Isaac Okoro,SG,20,CLE,24,24,33,2.8,7.1,0.388,0.7,2.7,0.25,2.1,4.4,0.472,0.435,1.3,1.9,0.674,0.9,1.5,2.4,1.9,1.1,0.4,1.4,2.9,7.5,2369,0,0,114.8
KZ Okpala,PF,21,MIA,14,5,12,0.9,2.2,0.387,0.5,1.4,0.368,0.4,0.9,0.417,0.5,0.1,0.4,0.333,0.3,1.1,1.4,0.4,0.2,0.1,0.6,1.4,2.4,596,3,0,100.5
Victor Oladipo,SG,28,TOT,20,20,32,7,17.5,0.401,2.4,7.3,0.329,4.6,10.2,0.453,0.47,2.7,3.7,0.74,0.2,5,5.2,4.6,1.4,0.4,2.2,2.4,19.1,107548,7,0,44.5
Kelly Olynyk,C,29,MIA,27,22,26,3.6,8.5,0.424,2.1,6.1,0.343,1.5,2.3,0.635,0.548,0.6,0.8,0.714,1,4.8,5.8,2,0.8,0.7,1.3,2.6,9.9,5293,1,0,80.2
Cedi Osman,SF,25,CLE,29,13,26.4,4.1,10.9,0.381,2.1,6.1,0.341,2.1,4.8,0.432,0.476,1.1,1.4,0.786,0.7,2.7,3.3,2.6,0.9,0.1,1,2.1,11.5,31760,1,0,67.2
Kelly Oubre Jr.,SF,25,GSW,29,29,29.4,5.2,12.7,0.41,1.7,5.3,0.31,3.6,7.3,0.484,0.476,2.2,2.9,0.759,1.4,4.5,5.9,1.4,1.1,0.8,1.4,2.4,14.2,216470,3,0,53.2
Eric Paschall,PF,24,GSW,26,2,17.7,3.9,7.7,0.507,0.5,1.4,0.333,3.5,6.3,0.545,0.537,1.7,2.4,0.714,0.9,2.5,3.4,1.3,0.2,0.1,0.8,1.7,10,23149,1,0,70
Patrick Patterson,PF,31,LAC,10,1,13,1.6,3.8,0.421,1,2.8,0.357,0.6,1,0.6,0.553,0.3,0.4,0.75,0.4,1.6,2,0.5,0.3,0.1,0.7,1.3,4.5,679,1,0,111
Chris Paul,PG,35,PHO,26,26,32.4,6.5,13.4,0.489,1.5,4,0.369,5.1,9.4,0.539,0.543,2.7,2.7,0.972,0.6,4.1,4.7,8.2,1.2,0.3,2.3,2.7,17.2,391667,26,0,35.5
Cameron Payne,PG,26,PHO,16,0,17.2,2.6,5.6,0.461,0.9,2.4,0.395,1.6,3.2,0.51,0.545,0.6,0.6,1,0.1,1.8,1.9,3.6,0.6,0.2,1.2,2.1,6.6,733,0,0,122
Elfrid Payton,PG,26,NYK,30,30,27.7,5.2,11.8,0.441,0.5,1.9,0.25,4.7,9.9,0.477,0.46,1.4,1.9,0.719,1.3,2.6,3.8,3.6,0.6,0.2,1.9,2,12.2,3608,0,0,109.8
Reggie Perry,PF,20,BRK,14,0,10.5,1.5,3.6,0.412,0.1,0.9,0.167,1.4,2.8,0.487,0.431,0.4,0.6,0.667,1.2,2.4,3.6,0.9,0.1,0.4,0.8,1.9,3.6,2480,1,0,92.8
Mason Plumlee,C,30,DET,26,26,27.9,4.2,7,0.596,0,0.2,0,4.2,6.8,0.612,0.596,1.8,2.6,0.691,3,5.8,8.8,3.4,0.9,0.7,2,3.5,10.2,6232,3,0,71.5
Jakob Poeltl,C,25,SAS,27,9,22.2,3,4.9,0.611,0,0,0,3,4.9,0.611,0.611,0.4,1.4,0.316,3,4,7,1.7,0.6,1.5,1.1,2.1,6.4,13901,1,0,76.5
Aleksej Pokusevski,PF,19,OKC,17,0,17.4,1.4,5.5,0.247,0.6,3.3,0.179,0.8,2.2,0.351,0.301,0,0,0,0.3,3.2,3.5,1.2,0.5,1.1,1.3,0.9,3.3,5790,1,0,85
Michael Porter Jr.,SF,22,DEN,18,11,27,5.1,10.8,0.474,2.1,5.7,0.373,3,5.1,0.587,0.572,1.3,1.7,0.8,1.2,4.9,6.1,1.1,1.1,1.2,1.1,2.3,13.7,105512,2,0,57.5
Otto Porter,SF,27,CHI,16,6,23.3,4,9,0.444,1.8,4.4,0.4,2.3,4.6,0.486,0.542,1.9,2.3,0.833,1.3,5,6.3,2,0.6,0.2,0.9,1.6,11.6,6720,2,0,73.8
Bobby Portis,C,25,MIL,28,1,21.8,5,9,0.556,1.1,2.2,0.484,3.9,6.8,0.579,0.615,0.7,1,0.679,2,5.3,7.3,1.1,0.9,0.4,0.8,2,11.8,8541,2,0,71.8
Kristaps Porziņģis,C,25,DAL,17,17,29.9,7.8,16.4,0.473,2.2,6.4,0.352,5.5,10.1,0.55,0.541,2.8,3.2,0.855,2.1,6.2,8.2,1.3,0.4,1.6,1.2,3.3,20.5,258944,14,0,45.8
Dwight Powell,C,29,DAL,17,6,16.3,1.4,2.8,0.511,0.1,0.4,0.143,1.4,2.4,0.575,0.521,1.8,2.6,0.689,1.2,2.4,3.6,0.9,0.8,0.4,0.6,2.4,4.7,3325,2,0,85.5
Norman Powell,SG,27,TOR,26,15,28.3,5.5,11.8,0.464,2.3,5.3,0.424,3.2,6.5,0.497,0.56,3,3.4,0.876,0.4,2.5,2.9,1.5,1.1,0.2,1.4,2,16.3,9389,1,0,62.8
Taurean Prince,PF,26,TOT,27,10,21.9,2.8,7.2,0.392,1.4,3.5,0.4,1.4,3.7,0.384,0.49,1.7,2,0.849,0.4,3.2,3.6,1.7,0.7,0.7,1.1,1.9,8.7,1902,0,0,132.5
Payton Pritchard,SG,23,BOS,22,1,21.5,3,6.3,0.475,1.5,3.5,0.41,1.5,2.8,0.557,0.59,0.5,0.6,0.923,0.5,2,2.5,2.4,0.6,0.2,1.3,2,8,7845,0,0,102.8
Immanuel Quickley,PG,21,NYK,26,0,19.4,3.9,9.8,0.395,1.7,4.6,0.367,2.2,5.2,0.419,0.48,2.9,3.1,0.95,0.4,2,2.3,2.7,0.4,0.3,0.9,2.1,12.4,35972,0,0,95.2
Julius Randle,PF,26,NYK,30,30,36.7,8.1,16.9,0.48,1.8,4.5,0.407,6.3,12.4,0.507,0.535,5.1,6.4,0.802,1.4,9.5,10.9,5.5,0.7,0.2,3.3,3.1,23.2,652417,32,1,6.8
Cam Reddish,SF,21,ATL,24,19,28.8,3.8,10.1,0.376,1.3,4.9,0.265,2.5,5.2,0.48,0.44,2.6,3.2,0.805,0.8,3.2,4,1.4,1.1,0.3,1.3,2.7,11.5,7729,0,0,103.2
J.J. Redick,SG,36,NOP,25,0,18.2,2.5,6.7,0.377,1.7,4.7,0.368,0.8,2,0.4,0.506,1.4,1.4,0.972,0.1,1.4,1.5,1.1,0.3,0.1,0.8,1.2,8.2,5594,1,0,63.8
Naz Reid,C,21,MIN,27,13,21.5,4.9,9.3,0.524,1.1,2.7,0.397,3.8,6.6,0.576,0.582,1.7,2.3,0.73,1.3,3.6,4.9,1.3,0.7,1.2,1.1,3.1,12.5,5995,0,0,125
Josh Richardson,SG,27,DAL,19,19,31.6,4.4,10.3,0.423,1.5,5.2,0.296,2.8,5.2,0.551,0.497,2.2,2.4,0.933,1,1.9,2.9,2.7,0.8,0.2,1.4,2.9,12.5,4284,4,0,63
Austin Rivers,SG,28,NYK,21,2,21,2.8,6.4,0.43,1.3,3.7,0.364,1.4,2.8,0.517,0.533,0.5,0.7,0.714,0.2,2,2.2,2,0.6,0,1,1.5,7.3,3016,0,0,112.2
Duncan Robinson,SF,26,MIA,28,28,33.3,4,9.7,0.415,3.3,8.4,0.389,0.8,1.4,0.579,0.583,1.3,1.5,0.854,0,3.8,3.8,1.5,0.4,0.3,1.5,2.3,12.6,58142,1,0,62.2
Glenn Robinson III,SF,27,SAC,22,1,15.7,1.8,4.2,0.43,0.7,2,0.372,1.1,2.3,0.48,0.516,1,1,0.913,0.3,1.3,1.6,0.9,0.1,0.1,0.5,1,5.3,987,2,0,101.5
Jerome Robinson,SG,23,WAS,13,3,17,1.7,5.2,0.328,0.7,2.4,0.29,1,2.8,0.361,0.396,1.2,1.3,0.882,0.2,2.4,2.5,1.4,0.5,0.2,0.8,1.6,5.2,507,0,0,139.2
Mitchell Robinson,C,22,NYK,27,27,28.8,3.8,5.8,0.66,0,0,0,3.8,5.8,0.66,0.66,0.8,1.7,0.478,3.6,4.8,8.4,0.5,1.2,1.5,0.8,2.9,8.4,35950,0,0,104.5
Isaiah Roby,PF,22,OKC,22,9,20.2,3.4,6.2,0.54,0.5,1.6,0.314,2.9,4.6,0.618,0.58,1.3,1.9,0.69,1.6,3.5,5.2,1.5,0.7,0.6,1,2.5,8.5,3426,1,0,89.5
Rajon Rondo,PG,34,ATL,14,2,15.3,1.4,3.9,0.345,0.6,1.9,0.308,0.8,2.1,0.379,0.418,0.1,0.1,0.5,0.3,2,2.3,3.9,0.6,0.1,1.4,0.9,3.4,18734,0,0,98.8
Derrick Rose,PG,32,TOT,20,0,22.3,5,11.7,0.427,0.8,2.4,0.333,4.2,9.3,0.452,0.462,2.7,3.2,0.841,0.4,1.8,2.2,4,1.2,0.4,1.9,1.1,13.5,356185,22,0,42.5
Terrence Ross,SG,29,ORL,28,1,28.8,5.5,13.3,0.414,2,5.7,0.346,3.5,7.6,0.465,0.488,2.4,2.6,0.892,0.3,2.9,3.2,2.1,1,0.5,1.8,2,15.3,4950,1,0,67.8
Terry Rozier,SG,26,CHO,26,26,33.3,7.5,15.2,0.49,3.4,7.7,0.445,4,7.5,0.536,0.602,2.2,2.8,0.795,0.6,3.5,4.1,3,1.3,0.5,1.7,2,20.6,44130,10,0,49.8
Ricky Rubio,PG,30,MIN,27,12,25.1,2.5,6.7,0.37,0.6,2.1,0.276,1.9,4.6,0.415,0.414,1.6,2,0.83,0.4,3,3.4,6.5,1.3,0,2.1,2.2,7.2,9289,0,0,95
D'Angelo Russell,PG,24,MIN,20,19,29.2,7,16.3,0.426,3,7.4,0.399,4,8.9,0.449,0.517,2.4,3.2,0.75,0.5,2.2,2.6,5.1,1.1,0.5,2.7,2,19.3,51687,1,0,52.8
Domantas Sabonis,PF,24,IND,29,29,36.4,8.2,15.5,0.528,1,2.8,0.358,7.2,12.7,0.565,0.56,4.1,5.8,0.71,2.8,8.8,11.6,5.7,1,0.7,3.4,3.6,21.5,555788,28,2,7.2
JaKarr Sampson,PF,27,IND,13,0,6,0.8,1.9,0.44,0,0.2,0,0.8,1.7,0.5,0.44,0.6,0.8,0.8,0.5,1.5,2,0,0.1,0.2,0.2,0.7,2.3,781,0,0,142.5
Dario Šarić,PF,26,PHO,10,0,18.1,3.5,8,0.438,1.1,3.5,0.314,2.4,4.5,0.533,0.506,2.3,2.4,0.958,0.7,3.3,4,1.2,1,0.2,1.4,2,10.4,7747,2,0,77.5
Tomáš Satoranský,SG,29,CHI,16,0,20,2.3,4.6,0.493,0.7,1.6,0.44,1.6,3,0.521,0.568,1.2,1.3,0.905,0.3,2.4,2.7,4.9,0.6,0.2,1.5,1.3,6.4,2067,0,0,116.2
Dennis Schröder,SG,27,LAL,29,29,31.1,5.1,11.5,0.441,1,3.1,0.311,4.1,8.4,0.49,0.483,3.1,3.8,0.82,0.6,3,3.6,4.3,0.9,0.2,2.2,2.7,14.2,126621,1,0,50.2
Mike Scott,PF,32,PHI,11,3,17.5,1.5,4.4,0.333,1,3.5,0.289,0.5,0.9,0.5,0.448,0.2,0.3,0.667,0.4,2.3,2.6,0.1,0.3,0.2,0.5,1.4,4.1,3188,2,0,83.8
Collin Sexton,SG,22,CLE,24,24,35.3,8.4,17.4,0.484,1.5,3.6,0.407,7,13.8,0.505,0.526,4.5,5.5,0.805,0.8,1.8,2.5,4.3,1.1,0.2,2.5,2.9,22.8,455806,17,0,42
Landry Shamet,SG,23,BRK,26,0,19,2.3,6.2,0.377,1.6,4.5,0.347,0.8,1.7,0.455,0.503,1.1,1.3,0.879,0.2,1.3,1.5,1.3,0.5,0.2,0.8,1.3,7.4,1066,0,0,123.2
Pascal Siakam,PF,26,TOR,25,25,35.8,7.6,16.8,0.455,1.2,4.2,0.298,6.4,12.6,0.506,0.492,4.1,5.1,0.797,2.2,5.6,7.8,4.5,1.2,0.6,2.2,3.1,20.6,346581,19,0,41.2
Ben Simmons,PG,24,PHI,25,25,33.4,5.8,10.4,0.562,0,0.2,0.167,5.8,10.2,0.571,0.563,3.5,5.3,0.667,1.6,6.7,8.3,8,1.7,0.8,3.4,3.2,15.2,366887,38,1,8.8
Anfernee Simons,SG,21,POR,25,0,17.9,3,7.4,0.413,2.2,5.2,0.42,0.8,2.1,0.396,0.563,0.8,0.9,0.826,0.2,2.1,2.3,1.2,0.2,0.2,0.8,1.7,9,833,0,0,121
Marcus Smart,PG,26,BOS,17,17,32.3,4.4,11.1,0.394,1.6,5.3,0.311,2.7,5.8,0.469,0.468,2.7,3.6,0.742,0.4,2.4,2.8,6.1,1.8,0.5,1.8,2.3,13.1,84708,1,0,54.2
Ish Smith,PG,32,WAS,19,1,20.6,2.3,6.1,0.379,0.3,1.1,0.25,2.1,5.1,0.406,0.401,0.3,0.8,0.4,0.5,2.9,3.5,4.7,0.8,0.2,1,0.9,5.2,817,0,0,129.2
Tony Snell,SG,29,ATL,15,0,12.9,1.1,2.7,0.4,0.9,1.9,0.483,0.1,0.7,0.182,0.575,0,0,0,0.4,1.2,1.6,0.9,0.1,0.1,0.4,0.9,3.1,582,0,0,135.8
Lamar Stevens,PF,23,CLE,18,0,14.7,1.7,4.3,0.403,0.1,0.8,0.133,1.6,3.4,0.468,0.416,1,1.5,0.667,0.4,2.2,2.6,1.1,0.4,0.3,0.4,1.2,4.6,780,0,0,143
Isaiah Stewart,C,19,DET,26,2,17.9,2.2,4.2,0.523,0,0.2,0.25,2.2,4,0.533,0.528,0.8,1.2,0.7,2.5,2.9,5.4,0.7,0.5,0.9,0.8,2.7,5.2,1613,0,0,135.5
Max Strus,SF,24,MIA,16,0,14.7,2.6,4.9,0.519,1.7,4,0.422,0.9,0.9,0.933,0.69,0.4,0.6,0.778,0.1,1,1.1,0.5,0.1,0,0.2,1.2,7.3,1731,0,0,119.2
Edmond Sumner,SG,25,IND,16,4,9.4,1.5,3,0.5,0.3,1,0.313,1.2,2,0.594,0.552,0.6,0.9,0.643,0.4,0.9,1.3,0.5,0.5,0.1,0.6,1.1,3.9,301,0,0,146.2
Jae'Sean Tate,SF,25,HOU,28,18,27.3,4,7.3,0.549,0.7,2.1,0.328,3.3,5.2,0.637,0.596,1.2,1.6,0.717,1.6,3.4,5.1,1.8,0.9,0.6,1.2,3,9.9,12458,1,0,78.5
Jayson Tatum,SF,22,BOS,23,23,35.2,9.3,20.8,0.449,2.7,7,0.389,6.6,13.8,0.479,0.515,4.4,5,0.886,0.6,6.4,7,4.7,1.3,0.4,2.4,1.9,25.8,2295299,55,1,4.5
Jeff Teague,PG,32,BOS,23,3,17.3,1.8,5.7,0.323,0.7,1.7,0.421,1.1,4,0.283,0.385,1.2,1.3,0.9,0.3,1.3,1.6,2,0.9,0.1,1.1,1,5.5,950,1,0,87.8
Garrett Temple,SG,34,CHI,26,5,27.5,3.2,7.6,0.426,1.5,4.3,0.36,1.7,3.3,0.512,0.528,0.8,1,0.815,0.5,2.6,3.1,2,1.1,0.5,1,2.4,8.8,1090,0,0,122.8
Daniel Theis,C,28,BOS,26,21,24,3.7,6.5,0.571,0.9,2.2,0.397,2.8,4.2,0.664,0.64,1.1,1.6,0.683,1.3,3.8,5.1,1.4,0.6,1,1,2.8,9.3,41234,2,0,61.2
Tristan Thompson,PF,29,BOS,26,21,22.5,2.8,5.6,0.507,0,0.1,0,2.8,5.5,0.514,0.507,1.3,2.1,0.611,2.9,5.4,8.3,0.8,0.3,0.3,0.9,2.2,7,21772,3,0,63
Matisse Thybulle,SG,23,PHI,26,1,17.7,1.2,3.2,0.386,0.6,2,0.288,0.7,1.2,0.548,0.476,0.2,0.5,0.5,0.3,1,1.3,0.8,1.6,0.8,0.3,2,3.3,4955,0,0,106.2
Xavier Tillman Sr.,PF,22,MEM,19,6,21.2,3.4,6.3,0.546,0.5,1.3,0.375,2.9,5,0.589,0.584,0.6,0.8,0.75,1.4,3.1,4.5,1.6,1,0.6,0.9,2.5,7.9,3247,4,0,83
Obi Toppin,PF,22,NYK,20,0,12,2,4.2,0.482,0.6,1.9,0.297,1.5,2.3,0.63,0.548,0.4,0.5,0.7,0.3,2.2,2.4,0.5,0.2,0.5,0.5,0.9,4.9,11553,0,0,113
Juan Toscano-Anderson,SG,27,GSW,16,10,21.8,2.6,4.7,0.56,0.7,1.6,0.423,1.9,3.1,0.633,0.633,0.6,0.9,0.714,0.8,4,4.8,2.3,0.6,0.7,1.1,2.3,6.6,13175,2,0,73
Karl-Anthony Towns,C,25,MIN,9,9,33.1,7.7,15.1,0.507,2,4.7,0.429,5.7,10.4,0.543,0.574,4.4,4.8,0.93,3.1,7.4,10.6,3.3,1,1.9,2.8,3.3,21.8,229432,4,0,51
Gary Trent Jr.,SG,22,POR,26,13,30.2,5.5,12.5,0.44,3.2,7.2,0.447,2.3,5.3,0.431,0.569,1.1,1.4,0.784,0.5,1.6,2.1,1.4,0.7,0.2,0.7,1.5,15.3,5120,1,0,65.2
P.J. Tucker,PF,35,HOU,26,26,30,1.6,4.3,0.375,0.9,2.8,0.329,0.7,1.5,0.462,0.482,0.5,0.7,0.824,1,3.6,4.6,1.4,0.8,0.5,1,3,4.7,21085,5,0,61
Myles Turner,C,24,IND,27,27,31.2,4.7,9.4,0.498,1.4,4.4,0.325,3.2,4.9,0.654,0.575,2.4,3.1,0.776,1.3,5.3,6.6,1,1.1,3.5,1.4,3.6,13.2,77322,18,0,48
Jonas Valančiūnas,C,28,MEM,19,18,27.5,6.5,11.2,0.585,0.4,1.1,0.381,6.1,10.1,0.607,0.604,3.1,4.1,0.753,3.2,7.6,10.8,2.1,0.6,0.8,2.2,3.3,16.5,78027,13,0,50.5
Denzel Valentine,SG,27,CHI,23,3,20.1,3.2,8.2,0.388,1.9,5,0.377,1.3,3.2,0.405,0.503,0.3,0.3,1,0.3,3.6,3.9,1.8,0.7,0,0.6,1.3,8.5,1037,0,0,124.8
Jarred Vanderbilt,PF,21,MIN,27,10,19.1,2.5,4.2,0.602,0,0.1,0.5,2.5,4.1,0.604,0.606,1,1.9,0.51,1.9,4.1,6,1.7,1.1,0.7,0.9,2.2,6,2168,2,0,91
Fred VanVleet,SG,26,TOR,28,28,36.4,6.9,16.6,0.417,3.3,8.7,0.377,3.6,7.9,0.462,0.516,3.3,3.6,0.892,0.7,3.5,4.2,6.6,1.7,0.7,2.1,2.3,20.4,431769,26,0,41
Devin Vassell,SF,20,SAS,26,1,17.3,1.9,4.8,0.397,1,2.4,0.397,1,2.4,0.397,0.496,0.7,0.8,0.857,0.6,2.6,3.2,1.1,1.1,0.3,0.5,1.2,5.5,598,0,0,123.5
Gabe Vincent,PG,24,MIA,18,5,16.2,2.3,6.4,0.353,0.9,3.9,0.239,1.3,2.5,0.533,0.427,0.8,0.9,0.882,0.2,1,1.2,1.5,0.4,0.1,1,2,6.3,588,2,0,94.2
Nikola Vučević,C,30,ORL,29,29,33.6,9.3,19.6,0.476,2.6,6.2,0.414,6.8,13.4,0.505,0.542,2.1,2.6,0.816,2.1,9.5,11.6,3.4,1.1,0.6,1.7,1.7,23.4,313265,20,0,41.5
Dean Wade,PF,24,CLE,23,0,8.3,0.7,2.1,0.347,0.5,1.4,0.333,0.3,0.7,0.375,0.459,0.2,0.2,0.8,0.3,0.9,1.3,0.4,0.2,0.1,0.4,0.7,2.1,1862,0,0,133
Moritz Wagner,C,23,WAS,14,3,13.6,2.3,3.9,0.593,0.4,1.3,0.333,1.9,2.6,0.722,0.648,1.1,1.8,0.64,0.4,2.6,3.1,0.9,0.6,0.3,0.6,2.6,6.1,3599,2,0,81.8
Kemba Walker,PG,30,BOS,13,13,28,5.5,15,0.364,2.6,7.3,0.358,2.8,7.7,0.37,0.451,2.8,3.2,0.902,0.5,3.2,3.7,4,1.1,0.2,2.2,1.3,16.4,113775,6,0,47.8
Lonnie Walker,SG,22,SAS,25,22,26.6,4,10,0.406,1.6,4.4,0.355,2.5,5.6,0.446,0.484,1.1,1.4,0.8,0.2,2.7,2.9,1.7,0.5,0.4,1,2.1,10.8,2224,0,0,108
John Wall,PG,30,HOU,19,19,31.1,7.4,16.8,0.441,2.1,5.8,0.351,5.4,11,0.488,0.502,3.5,4.7,0.744,0.5,3.2,3.7,6.3,1,0.7,3.5,1.4,20.4,172427,10,0,41.8
Brad Wanamaker,PG,31,GSW,29,0,16,1.3,4,0.336,0.3,1.6,0.222,1,2.4,0.408,0.379,1.3,1.5,0.884,0.2,1.6,1.8,2.7,0.8,0.1,0.8,1.4,4.3,4092,0,0,104.5
T.J. Warren,SF,27,IND,4,4,29.3,6.8,12.8,0.529,0,1.8,0,6.8,11,0.614,0.529,2,2.5,0.8,0.5,3,3.5,1.3,0.5,0,1,4,15.5,15487,0,0,110
P.J. Washington,PF,22,CHO,24,24,28.8,4,9.6,0.42,1.1,3.3,0.329,3,6.3,0.467,0.476,2,2.7,0.738,1.7,4.9,6.5,3,0.9,1.3,2,2.7,11.2,15031,6,0,63.5
Yuta Watanabe,SF,26,TOR,18,0,12.4,1,2.8,0.353,0.7,1.6,0.429,0.3,1.3,0.261,0.471,0.4,0.4,1,0.9,2.4,3.3,0.4,0.5,0.6,0.4,1.1,3.1,27833,0,0,107
Paul Watson,SF,26,TOR,13,0,3.2,0.7,1.1,0.643,0.6,0.8,0.727,0.1,0.2,0.333,0.929,0,0,0,0.1,0.6,0.7,0.2,0,0.2,0.1,0.5,2,908,0,0,142
Russell Westbrook,PG,32,WAS,19,19,33.2,7.3,17.9,0.406,1.2,4.1,0.295,6.1,13.8,0.439,0.44,3.2,5.1,0.619,1.8,7.6,9.4,9.5,0.8,0.4,4.9,2.8,18.9,462605,18,1,8.2
Coby White,PG,20,CHI,27,27,33.5,5.6,13.8,0.403,2.4,6.8,0.35,3.2,7,0.455,0.489,1.9,2.2,0.867,0.3,4.4,4.7,5.4,0.4,0.1,2.4,2.4,15.4,45114,2,0,52.8
Hassan Whiteside,C,31,SAC,20,0,14.8,3.5,5.7,0.619,0,0.1,0,3.5,5.6,0.625,0.619,1.4,2.6,0.529,1.6,4.1,5.7,0.5,0.3,1.4,1,1.8,8.4,3908,1,0,88.5
Andrew Wiggins,PF,25,GSW,29,29,32.2,6.7,14.4,0.468,1.9,5.2,0.373,4.8,9.2,0.521,0.535,2.3,3.4,0.67,1,3.7,4.8,2.1,0.7,1.3,1.8,2.4,17.7,771737,8,0,43.5
Grant Williams,PF,22,BOS,24,6,19.3,1.9,4.3,0.451,0.9,2.2,0.415,1,2,0.49,0.559,0.6,1.2,0.517,1,2,3,1,0.5,0.4,1,3,5.4,3806,2,0,79.8
Kenrich Williams,PF,26,OKC,28,6,18.3,2.3,4.3,0.537,0.5,1.2,0.441,1.8,3.1,0.575,0.599,0.4,0.7,0.632,1.4,2.5,3.9,1.7,0.8,0.2,0.9,1.7,5.6,585,0,0,124
Lou Williams,PG,34,LAC,28,3,22.4,4.4,10.4,0.423,1.1,2.8,0.38,3.3,7.6,0.439,0.474,2.5,2.9,0.854,0.4,2,2.4,3.9,0.8,0.1,1.5,1,12.4,16500,5,0,51.8
Patrick Williams,PF,19,CHI,26,26,27.7,3.7,8.1,0.455,0.9,2.2,0.397,2.8,5.9,0.477,0.509,1.8,2.3,0.797,0.9,3.7,4.6,1.1,0.7,0.7,1.5,2.3,10.1,28823,0,0,106.5
Robert Williams,C,23,BOS,21,0,15.1,2.7,3.7,0.727,0,0,0,2.7,3.6,0.737,0.727,0.8,1.1,0.667,2.2,3.1,5.3,0.8,1,1.1,1,1.6,6.1,14338,0,0,111
Zion Williamson,PF,20,NOP,27,27,32.6,9.6,15.6,0.618,0.2,0.6,0.375,9.4,15,0.627,0.625,5.6,7.7,0.718,2.4,4.4,6.8,3.1,1,0.7,2.3,2.6,25,1250684,32,0,40
Dylan Windler,SF,24,CLE,15,0,17.5,2.1,4.3,0.477,0.9,2.8,0.31,1.2,1.5,0.783,0.577,1,1.1,0.882,0.7,3,3.7,1.2,0.6,0.5,1,1.3,6,1354,0,0,137.5
James Wiseman,C,19,GSW,20,16,21,4.9,9.8,0.503,0.5,1.1,0.409,4.5,8.7,0.514,0.526,1.9,3.1,0.623,1.5,4.6,6.1,0.7,0.4,1.3,1.6,3.2,12.2,262781,0,0,98.5
Christian Wood,C,25,HOU,17,17,31.2,8.8,15.7,0.558,1.9,4.5,0.421,6.9,11.2,0.613,0.618,2.6,3.8,0.688,1.8,8.4,10.2,1.3,0.9,1.5,1.8,1.9,22,676320,29,1,8.2
Delon Wright,SG,28,DET,28,23,29.4,3.7,8.1,0.456,0.9,2.4,0.353,2.9,5.7,0.5,0.509,2.2,2.8,0.785,1.1,3.5,4.6,4.9,1.4,0.5,1.2,1.1,10.5,2317,1,0,76.2
Thaddeus Young,PF,32,CHI,23,0,25.7,5.1,8.7,0.587,0.2,0.9,0.238,4.9,7.8,0.628,0.6,0.7,1.5,0.5,2.4,3.4,5.8,4.4,1.4,0.5,2,2.9,11.2,7327,1,0,77.2
Trae Young,PG,22,ATL,26,26,34.7,7.6,17.7,0.429,2.3,6.2,0.369,5.3,11.5,0.462,0.493,9,10.2,0.887,0.7,3.2,3.8,9.3,0.8,0.3,4.3,2,26.5,991857,20,3,7.2
Cody Zeller,C,28,CHO,15,12,24.1,4.2,8,0.525,0.2,1.1,0.188,4,6.9,0.577,0.538,1.5,1.9,0.759,2.6,5.4,8,2.5,0.7,0.6,0.9,2.5,10.1,6058,3,0,72
Ivica Zubac,C,23,LAC,30,1,19.5,3.2,4.7,0.669,0,0,0,3.2,4.7,0.674,0.669,2,2.4,0.845,2.3,4.4,6.6,1.1,0.4,0.8,1,2.6,8.3,5728,5,0,75.5
